# Alias OBJ Model File
# Exported from SketchUp, (c) 2000-2012 Trimble Navigation Limited
# File units = millimeters

mtllib Coffee Table_Livingroom_IKEA_LISTERBY.mtl

g Mesh1 Component_1_1 Coffe_Table Model

usemtl Coffe_Table_Wood
v -458.015 370 -37.8414
vt -0.639993 0.253318
vn -0.893853 0.447405 0.0292617
v -456.993 370 -337.841
vt -0.639278 0.74509
vn 0 1 -0
v -458.015 370 -337.841
vt -0.639993 0.74509
vn -0.893853 0.447405 -0.0292617
f 1/1/1 2/2/2 3/3/3

v -456.993 370 -37.8414
vt -0.639278 0.253318
f 2/2/2 1/1/1 4/4/2

v -456.731 370 -18.2625
vt -0.639095 0.221224
vn -0.886395 0.447981 0.116696
f 5/5/4 4/4/2 1/1/1

v -455.718 370 -18.3959
vt -0.638386 0.221443
f 6/6/2 4/4/2 5/5/4

v -346.573 370 -481.743
vt 0.0790691 0.980979
v -365.026 370 -475.479
vt 0.0661549 0.970711
v -382.504 370 -466.86
vt 0.0539234 0.956582
v -398.707 370 -456.034
vt 0.0425839 0.938835
v -413.358 370 -443.185
vt 0.0323304 0.917773
v -426.207 370 -428.534
vt 0.0233383 0.893756
v -437.034 370 -412.331
vt 0.0157614 0.867195
v -445.653 370 -394.853
vt 0.00972951 0.838545
v -451.917 370 -376.4
vt 0.00534574 0.808296
v -455.718 370 -357.287
vt 0.00268511 0.776965
vt 0.00179315 0.74509
vt 0.00179315 0.253318
vt 0.00268511 0.221443
v -451.917 370 0.716995
vt 0.00534574 0.190112
v -445.653 370 19.1701
vt 0.00972951 0.159863
v -437.034 370 36.6477
vt 0.0157614 0.131213
v -426.207 370 52.8508
vt 0.0233383 0.104652
v -413.358 370 67.5021
vt 0.0323304 0.0806354
v -398.707 370 80.351
vt 0.0425839 0.0595731
v -382.504 370 91.1776
vt 0.0539234 0.0418258
v -365.026 370 99.7966
vt 0.0661549 0.0276972
v -346.573 370 106.061
vt 0.0790691 0.017429
v -327.46 370 109.862
vt 0.092445 0.011197
v -308.015 370 111.137
vt 0.106054 0.00910774
v 791.985 370 111.137
vt 0.875875 0.00910774
v 811.431 370 109.862
vt 0.889484 0.011197
v 830.544 370 106.061
vt 0.90286 0.017429
v 848.997 370 99.7966
vt 0.915774 0.0276972
v 866.475 370 91.1776
vt 0.928005 0.0418258
v 882.678 370 80.351
vt 0.939345 0.0595731
v 897.329 370 67.5021
vt 0.949598 0.0806354
v 910.178 370 52.8508
vt 0.95859 0.104652
v 921.004 370 36.6477
vt 0.966167 0.131213
v 929.623 370 19.1701
vt 0.972199 0.159863
v 935.887 370 0.716995
vt 0.976583 0.190112
v 939.689 370 -18.3959
vt 0.979244 0.221443
v 940.964 370 -37.8414
vt 0.980135 0.253318
v 940.964 370 -337.841
vt 0.980135 0.74509
v 939.689 370 -357.287
vt 0.979244 0.776965
v 935.887 370 -376.4
vt 0.976583 0.808296
v 929.623 370 -394.853
vt 0.972199 0.838545
v 921.004 370 -412.331
vt 0.966167 0.867195
v 910.178 370 -428.534
vt 0.95859 0.893756
v 897.329 370 -443.185
vt 0.949598 0.917773
v 882.678 370 -456.034
vt 0.939345 0.938835
v 866.475 370 -466.86
vt 0.928005 0.956582
v 848.997 370 -475.479
vt 0.915774 0.970711
v 830.544 370 -481.743
vt 0.90286 0.980979
v 811.431 370 -485.545
vt 0.889484 0.987211
v 791.985 370 -486.82
vt 0.875875 0.9893
v -308.015 370 -486.82
vt 0.106054 0.9893
v -327.46 370 -485.545
vt 0.092445 0.987211
f 7/7/2 8/8/2 9/9/2 10/10/2 11/11/2 12/12/2 13/13/2 14/14/2 15/15/2 16/16/2 2/17/2 4/18/2 6/19/2 17/20/2 18/21/2 19/22/2 20/23/2 21/24/2 22/25/2 23/26/2 24/27/2 25/28/2 26/29/2 27/30/2 28/31/2 29/32/2 30/33/2 31/34/2 32/35/2 33/36/2 34/37/2 35/38/2 36/39/2 37/40/2 38/41/2 39/42/2 40/43/2 41/44/2 42/45/2 43/46/2 44/47/2 45/48/2 46/49/2 47/50/2 48/51/2 49/52/2 50/53/2 51/54/2 52/55/2 53/56/2 54/57/2 55/58/2 

vt -0.562002 0.980979
v -346.837 370 -482.73
vt -0.562187 0.982597
vn -0.231395 0.447981 -0.863579
vt -0.574917 0.970711
f 7/59/2 56/60/5 8/61/2

v -327.594 370 -486.558
vt -0.54872 0.988872
vn -0.116696 0.447981 -0.886395
f 57/62/6 56/60/5 7/59/2

v -346.837 369 -482.73
vt -0.1473 0.796166
vn -0.258819 4.2627e-17 -0.965926
vt -0.1473 0.797805
vt -0.161031 0.797805
v -327.594 369 -486.558
vt -0.161031 0.796166
vn -0.130526 -5.23105e-27 -0.991445
f 58/63/7 56/64/5 57/65/6 59/66/8 

v -365.417 369 -476.423
vt -0.130566 0.796166
vn -0.382683 4.2627e-17 -0.92388
v -365.417 370 -476.423
vt -0.130566 0.797805
vn -0.342136 0.447981 -0.825988
f 60/67/9 61/68/10 56/64/5 58/63/7 

v -383.015 369 -467.745
vt -0.223834 0.796166
vn -0.5 -2.33139e-16 -0.866025
v -383.015 370 -467.745
vt -0.223834 0.797805
vn -0.447022 0.447981 -0.774264
vt -0.237565 0.797805
vt -0.237565 0.796166
f 62/69/11 63/70/12 61/71/10 60/72/9 

v -399.329 369 -456.844
vt -0.320148 0.796166
vn -0.608761 -4.4395e-16 -0.793353
v -399.329 370 -456.844
vt -0.320148 0.797805
vn -0.544259 0.447981 -0.709292
vt -0.336883 0.797805
vt -0.336883 0.796166
f 64/73/13 65/74/14 63/75/12 62/76/11 

v -414.081 369 -443.907
vt -0.306417 0.796166
vn -0.707107 -2.10811e-16 -0.707107
v -414.081 370 -443.907
vt -0.306417 0.797805
vn -0.632184 0.447981 -0.632184
f 66/77/15 67/78/16 65/74/14 64/73/13 

v -427.018 369 -429.156
vt -0.289683 0.796166
vn -0.793353 2.18514e-26 -0.608761
v -427.018 370 -429.156
vt -0.289683 0.797805
vn -0.709292 0.447981 -0.544259
f 68/79/17 69/80/18 67/78/16 66/77/15 

v -437.918 369 -412.841
vt -0.443035 0.796166
vn -0.866025 1.24015e-16 -0.5
v -437.918 370 -412.841
vt -0.443035 0.797805
vn -0.774264 0.447981 -0.447022
vt -0.459769 0.797805
vt -0.459769 0.796166
f 70/81/19 71/82/20 69/83/18 68/84/17 

v -446.597 369 -395.244
vt -0.429303 0.796166
vn -0.92388 1.24015e-16 -0.382683
v -446.597 370 -395.244
vt -0.429303 0.797805
vn -0.825988 0.447981 -0.342136
f 72/85/21 73/86/22 71/82/20 70/81/19 

v -452.903 369 -376.664
vt -0.412569 0.796166
vn -0.965926 -1.38629e-26 -0.258819
v -452.903 370 -376.664
vt -0.412569 0.797805
vn -0.863579 0.447981 -0.231395
f 74/87/23 75/88/24 73/86/22 72/85/21 

v -456.731 369 -357.42
vt -0.502429 0.796166
vn -0.991445 1.32518e-27 -0.130526
v -456.731 370 -357.42
vt -0.502429 0.797805
vn -0.886395 0.447981 -0.116696
vt -0.516161 0.797805
vt -0.516161 0.796166
f 76/89/25 77/90/26 75/91/24 74/92/23 

v -458.015 369 -337.841
vt -0.555892 0.796166
vn -0.999465 -2.66434e-28 -0.0327191
vt -0.555892 0.797805
vt -0.572626 0.797805
vt -0.572626 0.796166
f 78/93/27 3/94/3 77/95/26 76/96/25 

v -458.015 369 -37.8414
vt -0.34594 0.796166
vn -1 0 -0
vt -0.34594 0.797805
f 79/97/28 1/98/1 3/94/3 78/93/27 

v -456.731 369 -18.2625
vt -0.639946 0.221136
vn -0.991445 -0 0.130526
vt -0.640844 0.253231
vn -0.997859 -0 0.0654031
f 80/99/29 5/5/4 1/1/1 79/100/30 

v -452.903 369 0.981431
vt -0.637253 0.189416
vn -0.965926 -1.54549e-26 0.258819
v -452.903 370 0.981431
vt -0.636416 0.189679
vn -0.863579 0.447981 0.231395
vt -0.639932 0.220962
f 81/101/31 82/102/32 5/5/4 80/103/29 

v -446.597 369 19.5611
vt -0.63281 0.15879
vn -0.92388 -8.1699e-28 0.382683
v -446.597 370 19.5611
vt -0.632003 0.159222
vn -0.825988 0.447981 0.342136
vt -0.637224 0.189246
f 83/104/33 84/105/34 82/102/32 81/106/31 

v -437.918 369 37.1586
vt -0.626694 0.129781
vn -0.866025 4.17789e-26 0.5
v -437.918 370 37.1586
vt -0.625929 0.130376
vn -0.774264 0.447981 0.447022
vt -0.632768 0.158627
f 85/107/35 86/108/36 84/105/34 83/109/33 

v -427.018 369 53.4728
vt -0.61901 0.102886
vn -0.793353 2.7141e-26 0.608761
v -427.018 370 53.4728
vt -0.618301 0.103633
vn -0.709292 0.447981 0.544259
vt -0.626638 0.129628
f 87/110/37 88/111/38 86/108/36 85/112/35 

v -414.081 369 68.2246
vt -0.609888 0.0785642
vn -0.707107 -0 0.707107
v -414.081 370 68.2246
vt -0.609247 0.0794511
vn -0.632184 0.447981 0.632184
vt -0.618942 0.102746
f 89/113/39 90/114/40 88/111/38 87/115/37 

v -399.329 369 81.1616
vt -0.599485 0.057233
vn -0.608761 -9.0675e-27 0.793353
v -399.329 370 81.1616
vt -0.598923 0.0582443
vn -0.544259 0.447981 0.709292
vt -0.609809 0.0784398
f 91/116/41 92/117/42 90/114/40 89/118/39 

v -383.015 369 92.0624
vt -0.587979 0.0392569
vn -0.5 -9.0675e-27 0.866025
v -383.015 370 92.0624
vt -0.587506 0.0403753
vn -0.447022 0.447981 0.774264
vt -0.599397 0.0571259
f 93/119/43 94/120/44 92/117/42 91/121/41 

v -365.417 369 100.741
vt -0.575567 0.0249435
vn -0.382683 9.01297e-17 0.92388
v -365.417 370 100.741
vt -0.57519 0.0261498
vn -0.342136 0.447981 0.825988
vt -0.587883 0.0391689
f 95/122/45 96/123/46 94/120/44 93/124/43 

v -346.837 369 107.047
vt -0.562462 0.0145375
vn -0.258819 9.01297e-17 0.965926
v -346.837 370 107.047
vt -0.562187 0.0158113
vn -0.231395 0.447981 0.863579
vt -0.575464 0.0248761
f 97/125/47 98/126/48 96/123/46 95/127/45 

v -327.594 369 110.875
vt -0.548886 0.00821724
vn -0.130526 -1.06745e-27 0.991445
v -327.594 370 110.875
vt -0.54872 0.00953651
vn -0.116696 0.447981 0.886395
vt -0.562354 0.014492
f 99/128/49 100/129/50 98/126/48 97/130/47 

v -308.015 369 112.159
vt -0.535074 0.00609069
vn -0.0327191 -1.06573e-27 0.999465
v -308.015 370 112.159
vt -0.535018 0.00743292
vn -0.0292617 0.447405 0.893853
vt -0.548776 0.00819427
f 101/131/51 102/132/52 100/129/50 99/133/49 

v 791.985 369 112.159
vt 0.234803 0.796166
vn 0.0327191 0 0.999465
v 791.985 370 112.159
vt 0.234803 0.797805
vn 0.0292617 0.447405 0.893853
vt -0.535018 0.797805
vt -0.535018 0.796166
f 103/134/53 104/135/54 102/136/52 101/137/51 

v 811.564 369 110.875
vt 0.251537 0.796166
vn 0.130526 0 0.991445
v 811.564 370 110.875
vt 0.251537 0.797805
vn 0.116696 0.447981 0.886395
f 105/138/55 106/139/56 104/135/54 103/134/53 

v 830.808 369 107.047
vt 0.236186 0.796166
vn 0.258819 0 0.965926
v 830.808 370 107.047
vt 0.236186 0.797805
vn 0.231395 0.447981 0.863579
vt 0.222454 0.797805
vt 0.222454 0.796166
f 107/140/57 108/141/58 106/142/56 105/143/55 

v 849.388 369 100.741
vt 0.25292 0.796166
vn 0.382683 0 0.92388
v 849.388 370 100.741
vt 0.25292 0.797805
vn 0.342136 0.447981 0.825988
f 109/144/59 110/145/60 108/141/58 107/140/57 

v 866.985 369 92.0624
vt 0.196223 0.796166
vn 0.5 0 0.866025
v 866.985 370 92.0624
vt 0.196223 0.797805
vn 0.447022 0.447981 0.774264
vt 0.182491 0.797805
vt 0.182491 0.796166
f 111/146/61 112/147/62 110/148/60 109/149/59 

v 883.3 369 81.1616
vt 0.212957 0.796166
vn 0.608761 0 0.793353
v 883.3 370 81.1616
vt 0.212957 0.797805
vn 0.544259 0.447981 0.709292
f 113/150/63 114/151/64 112/147/62 111/146/61 

v 898.051 369 68.2246
vt 0.121585 0.796166
vn 0.707107 0 0.707107
v 898.051 370 68.2246
vt 0.121585 0.797805
vn 0.632184 0.447981 0.632184
vt 0.107853 0.797805
vt 0.107853 0.796166
f 115/152/65 116/153/66 114/154/64 113/155/63 

v 910.988 369 53.4728
vt 0.00362723 0.796166
vn 0.793353 0 0.608761
v 910.988 370 53.4728
vt 0.00362723 0.797805
vn 0.709292 0.447981 0.544259
vt -0.0131068 0.797805
vt -0.0131068 0.796166
f 117/156/67 118/157/68 116/158/66 115/159/65 

v 921.889 369 37.1586
vt 0.0173587 0.796166
vn 0.866025 0 0.5
v 921.889 370 37.1586
vt 0.0173587 0.797805
vn 0.774264 0.447981 0.447022
f 119/160/69 120/161/70 118/157/68 117/156/67 

v 930.567 369 19.5611
vt 0.0340927 0.796166
vn 0.92388 0 0.382683
v 930.567 370 19.5611
vt 0.0340927 0.797805
vn 0.825988 0.447981 0.342136
f 121/162/71 122/163/72 120/161/70 119/160/69 

v 936.874 369 0.981431
vt -0.109353 0.796166
vn 0.965926 0 0.258819
v 936.874 370 0.981431
vt -0.109353 0.797805
vn 0.863579 0.447981 0.231395
vt -0.123085 0.797805
vt -0.123085 0.796166
f 123/164/73 124/165/74 122/166/72 121/167/71 

v 940.702 369 -18.2625
vt -0.263647 0.796166
vn 0.991445 0 0.130526
v 940.702 370 -18.2625
vt -0.263647 0.797805
vn 0.886395 0.447981 0.116696
vt -0.280381 0.797805
vt -0.280381 0.796166
f 125/168/75 126/169/76 124/170/74 123/171/73 

v 941.985 369 -37.8414
vt -0.249915 0.796166
vn 0.999465 0 0.0327191
v 941.985 370 -37.8414
vt -0.249915 0.797805
vn 0.893853 0.447405 0.0292617
f 127/172/77 128/173/78 126/169/76 125/168/75 

v 941.985 369 -337.841
vt 0.340632 0.74509
vn 0.999465 2.66434e-28 -0.0327191
v 941.985 370 -337.841
vt 0.339779 0.74509
vn 0.893853 0.447405 -0.0292617
vt 0.339779 0.253318
vt 0.340632 0.253318
f 129/174/79 130/175/80 128/176/78 127/177/77 

v 940.702 369 -357.42
vt 0.339732 0.777272
vn 0.991445 2.66862e-28 -0.130526
v 940.702 370 -357.42
vt 0.338881 0.777184
vn 0.886395 0.447981 -0.116696
vt 0.34063 0.745178
f 131/178/81 132/179/82 130/175/80 129/180/79 

v 936.874 369 -376.664
vt 0.337039 0.808992
vn 0.965926 -2.62312e-27 -0.258819
v 936.874 370 -376.664
vt 0.336202 0.808729
vn 0.863579 0.447981 -0.231395
vt 0.339717 0.777447
f 133/181/83 134/182/84 132/179/82 131/183/81 

v 930.567 369 -395.244
vt 0.332596 0.839618
vn 0.92388 -2.62312e-27 -0.382683
v 930.567 370 -395.244
vt 0.331788 0.839186
vn 0.825988 0.447981 -0.342136
vt 0.33701 0.809162
f 135/184/85 136/185/86 134/182/84 133/186/83 

v 921.889 369 -412.841
vt 0.32648 0.868627
vn 0.866025 0 -0.5
v 921.889 370 -412.841
vt 0.325715 0.868032
vn 0.774264 0.447981 -0.447022
vt 0.332553 0.839781
f 137/187/87 138/188/88 136/185/86 135/189/85 

v 910.988 369 -429.156
vt 0.318795 0.895523
vn 0.793353 -2.69031e-27 -0.608761
v 910.988 370 -429.156
vt 0.318086 0.894775
vn 0.709292 0.447981 -0.544259
vt 0.326424 0.86878
f 139/190/89 140/191/90 138/188/88 137/192/87 

v 898.051 369 -443.907
vt 0.309674 0.919844
vn 0.707107 2.10811e-16 -0.707107
v 898.051 370 -443.907
vt 0.309032 0.918957
vn 0.632184 0.447981 -0.632184
vt 0.318727 0.895662
f 141/193/91 142/194/92 140/191/90 139/195/89 

v 883.3 369 -456.844
vt 0.299271 0.941175
vn 0.608761 2.10811e-16 -0.793353
v 883.3 370 -456.844
vt 0.298708 0.940164
vn 0.544259 0.447981 -0.709292
vt 0.309595 0.919968
f 143/196/93 144/197/94 142/194/92 141/198/91 

v 866.985 369 -467.745
vt 0.287765 0.959151
vn 0.5 0 -0.866025
v 866.985 370 -467.745
vt 0.287291 0.958033
vn 0.447022 0.447981 -0.774264
vt 0.299182 0.941282
f 145/199/95 146/200/96 144/197/94 143/201/93 

v 849.388 369 -476.423
vt 0.275353 0.973465
vn 0.382683 -1.32757e-16 -0.92388
v 849.388 370 -476.423
vt 0.274976 0.972258
vn 0.342136 0.447981 -0.825988
vt 0.287668 0.959239
f 147/202/97 148/203/98 146/200/96 145/204/95 

v 830.808 369 -482.73
vt 0.262247 0.983871
vn 0.258819 -1.32757e-16 -0.965926
v 830.808 370 -482.73
vt 0.261973 0.982597
vn 0.231395 0.447981 -0.863579
vt 0.27525 0.973532
f 149/205/99 150/206/100 148/203/98 147/207/97 

v 811.564 369 -486.558
vt 0.248672 0.990191
vn 0.130526 -6.9665e-29 -0.991445
v 811.564 370 -486.558
vt 0.248505 0.988872
vn 0.116696 0.447981 -0.886395
vt 0.262139 0.983916
f 151/208/101 152/209/102 150/206/100 149/210/99 

v 791.985 369 -487.841
vt 0.234859 0.992317
vn 0.0327191 -4.06499e-27 -0.999465
v 791.985 370 -487.841
vt 0.234803 0.990975
vn 0.0292617 0.447405 -0.893853
vt 0.248561 0.990214
f 153/211/103 154/212/104 152/209/102 151/213/101 

v -308.015 369 -487.841
vt -0.103897 0.796166
vn -0.0327191 5.13073e-27 -0.999465
v -308.015 370 -487.841
vt -0.103897 0.797805
vn -0.0292617 0.447405 -0.893853
vt -0.873719 0.797805
vt -0.873719 0.796166
f 155/214/105 156/215/106 154/216/104 153/217/103 

vt -0.0871635 0.796166
vt -0.0871635 0.797805
f 59/218/8 57/219/6 156/215/106 155/214/105 

vt -0.535018 0.990975
vt -0.548627 0.987211
f 156/220/106 57/62/6 55/221/2

f 55/221/2 57/62/6 7/59/2

vt -0.535018 0.9893
f 54/222/2 156/220/106 55/221/2

f 154/212/104 156/220/106 54/222/2

vt 0.234803 0.9893
f 53/223/2 154/212/104 54/222/2

vt 0.248412 0.987211
f 52/224/2 154/212/104 53/223/2

f 152/209/102 154/212/104 52/224/2

vt 0.261788 0.980979
f 51/225/2 152/209/102 52/224/2

f 150/206/100 152/209/102 51/225/2

vt 0.274702 0.970711
f 50/226/2 150/206/100 51/225/2

f 148/203/98 150/206/100 50/226/2

vt 0.286934 0.956582
f 49/227/2 148/203/98 50/226/2

f 146/200/96 148/203/98 49/227/2

vt 0.298273 0.938835
f 48/228/2 146/200/96 49/227/2

f 144/197/94 146/200/96 48/228/2

vt 0.308527 0.917773
f 47/229/2 144/197/94 48/228/2

f 142/194/92 144/197/94 47/229/2

vt 0.317519 0.893756
f 46/230/2 142/194/92 47/229/2

f 140/191/90 142/194/92 46/230/2

vt 0.325096 0.867195
f 45/231/2 140/191/90 46/230/2

f 138/188/88 140/191/90 45/231/2

vt 0.331128 0.838545
f 44/232/2 138/188/88 45/231/2

f 136/185/86 138/188/88 44/232/2

vt 0.335511 0.808296
f 43/233/2 136/185/86 44/232/2

f 134/182/84 136/185/86 43/233/2

vt 0.338172 0.776965
f 42/234/2 134/182/84 43/233/2

f 132/179/82 134/182/84 42/234/2

vt 0.339064 0.74509
f 41/235/2 132/179/82 42/234/2

f 130/175/80 132/179/82 41/235/2

vt 0.339064 0.253318
f 40/236/2 130/175/80 41/235/2

f 130/175/80 40/236/2 128/176/78

vt 0.338881 0.221224
f 128/176/78 40/236/2 126/237/76

vt 0.338172 0.221443
f 40/236/2 39/238/2 126/237/76

vt 0.336202 0.189679
f 126/237/76 39/238/2 124/239/74

vt 0.335511 0.190112
f 39/238/2 38/240/2 124/239/74

vt 0.331788 0.159222
f 124/239/74 38/240/2 122/241/72

vt 0.331128 0.159863
f 38/240/2 37/242/2 122/241/72

vt 0.325715 0.130376
f 122/241/72 37/242/2 120/243/70

vt 0.325096 0.131213
f 37/242/2 36/244/2 120/243/70

vt 0.318086 0.103633
f 120/243/70 36/244/2 118/245/68

vt 0.317519 0.104652
f 36/244/2 35/246/2 118/245/68

vt 0.309032 0.0794511
f 118/245/68 35/246/2 116/247/66

vt 0.308527 0.0806354
f 35/246/2 34/248/2 116/247/66

vt 0.298708 0.0582443
f 116/247/66 34/248/2 114/249/64

vt 0.298273 0.0595731
f 34/248/2 33/250/2 114/249/64

vt 0.287291 0.0403753
f 114/249/64 33/250/2 112/251/62

vt 0.286934 0.0418258
f 33/250/2 32/252/2 112/251/62

vt 0.274976 0.0261498
f 112/251/62 32/252/2 110/253/60

vt 0.274702 0.0276972
f 32/252/2 31/254/2 110/253/60

vt 0.261973 0.0158113
f 110/253/60 31/254/2 108/255/58

vt 0.261788 0.017429
f 31/254/2 30/256/2 108/255/58

vt 0.248505 0.00953651
f 108/255/58 30/256/2 106/257/56

vt 0.248412 0.011197
f 30/256/2 29/258/2 106/257/56

vt 0.234803 0.00743292
f 106/257/56 29/258/2 104/259/54

vt 0.234803 0.00910774
f 29/258/2 28/260/2 104/259/54

f 104/259/54 28/260/2 102/132/52

vt -0.535018 0.00910774
f 28/260/2 27/261/2 102/132/52

vt -0.548627 0.011197
f 27/261/2 26/262/2 102/132/52

f 102/132/52 26/262/2 100/129/50

vt -0.562002 0.017429
f 26/262/2 25/263/2 100/129/50

f 100/129/50 25/263/2 98/126/48

vt -0.574917 0.0276972
f 25/263/2 24/264/2 98/126/48

f 98/126/48 24/264/2 96/123/46

vt -0.587148 0.0418258
f 24/264/2 23/265/2 96/123/46

f 96/123/46 23/265/2 94/120/44

vt -0.598488 0.0595731
f 23/265/2 22/266/2 94/120/44

f 94/120/44 22/266/2 92/117/42

vt -0.608741 0.0806354
f 22/266/2 21/267/2 92/117/42

f 92/117/42 21/267/2 90/114/40

vt -0.617733 0.104652
f 21/267/2 20/268/2 90/114/40

f 90/114/40 20/268/2 88/111/38

vt -0.62531 0.131213
f 20/268/2 19/269/2 88/111/38

f 88/111/38 19/269/2 86/108/36

vt -0.631342 0.159863
f 19/269/2 18/270/2 86/108/36

f 86/108/36 18/270/2 84/105/34

vt -0.635726 0.190112
f 18/270/2 17/271/2 84/105/34

f 84/105/34 17/271/2 82/102/32

f 17/271/2 6/6/2 82/102/32

f 82/102/32 6/6/2 5/5/4

v -327.594 341 -486.558
vt -0.1693 0.055739
vn -0.130526 -2.98126e-18 -0.991445
vt -0.1693 0.00192203
vt -0.188921 0.00192203
vn -0.0654031 -1.49383e-18 -0.997859
v -308.015 341 -487.841
vt -0.188921 0.055739
f 157/272/107 59/273/107 155/274/108 158/275/108 

v -346.837 341 -482.73
vt -0.225098 0.055739
vn -0.258819 -5.9115e-18 -0.965926
vt -0.225098 0.00192203
vt -0.244719 0.00192203
vt -0.244719 0.055739
f 159/276/109 58/277/109 59/278/107 157/279/107 

v -365.417 341 -476.423
vt -0.276877 0.055739
vn -0.382683 -3.67876e-18 -0.92388
vt -0.276877 0.00192203
vt -0.296498 0.00192203
vt -0.296498 0.055739
f 160/280/110 60/281/110 58/282/109 159/283/109 

v -383.015 341 -467.745
vt -0.32375 0.055739
vn -0.5 -1.60037e-18 -0.866025
vt -0.32375 0.00192203
vt -0.343371 0.00192203
vt -0.343371 0.055739
f 161/284/111 62/285/111 60/286/110 160/287/110 

v -399.329 341 -456.844
vt -0.364917 0.055739
vn -0.608761 -1.60037e-18 -0.793353
vt -0.364917 0.00192203
vt -0.384538 0.00192203
vt -0.384538 0.055739
f 162/288/112 64/289/112 62/290/111 161/291/111 

v -414.081 341 -443.907
vt -0.399671 0.055739
vn -0.707107 7.54598e-18 -0.707107
vt -0.399671 0.00192203
vt -0.419292 0.00192203
vt -0.419292 0.055739
f 163/292/113 66/293/113 64/294/112 162/295/112 

v -427.018 341 -429.156
vt -0.427419 0.055739
vn -0.793353 7.54598e-18 -0.608761
vt -0.427419 0.00192203
vt -0.44704 0.00192203
vt -0.44704 0.055739
f 164/296/114 68/297/114 66/298/113 163/299/113 

v -437.918 341 -412.841
vt -0.447686 0.055739
vn -0.866025 2.32745e-29 -0.5
vt -0.447686 0.00192203
vt -0.467307 0.00192203
vt -0.467307 0.055739
f 165/300/115 70/301/115 68/302/114 164/303/114 

v -446.597 341 -395.244
vt -0.460126 0.055739
vn -0.92388 -5.41864e-18 -0.382683
vt -0.460126 0.00192203
vt -0.479747 0.00192203
vt -0.479747 0.055739
f 166/304/116 72/305/116 70/306/115 165/307/115 

v -452.903 341 -376.664
vt -0.464524 0.055739
vn -0.965926 -5.41864e-18 -0.258819
vt -0.464524 0.00192203
vt -0.484145 0.00192203
vt -0.484145 0.055739
f 167/308/117 74/309/117 72/310/116 166/311/116 

v -456.731 341 -357.42
vt -0.460806 0.055739
vn -0.991445 7.48516e-19 -0.130526
vt -0.460806 0.00192203
vt -0.480427 0.00192203
vt -0.480427 0.055739
f 168/312/118 76/313/118 74/314/117 167/315/117 

v -458.015 341 -337.841
vt -0.449037 0.055739
vn -0.997859 1.49383e-18 -0.0654031
vt -0.449037 0.00192203
vt -0.468657 0.00192203
vt -0.468657 0.055739
f 169/316/119 78/317/119 76/318/118 168/319/118 

v -458.015 341 -37.8414
vt -0.15 0.055739
vt -0.15 0.00192203
vt -0.45 0.00192203
vt -0.45 0.055739
f 170/320/28 79/321/28 78/322/28 169/323/28 

v -456.731 341 -18.2625
vt -0.130058 0.055739
vt -0.130058 0.00192203
vt -0.149679 0.00192203
vt -0.149679 0.055739
f 171/324/29 80/325/29 79/326/30 170/327/30 

v -452.903 341 0.981431
vt -0.108044 0.055739
vn -0.965926 -5.41864e-18 0.258819
vt -0.108044 0.00192203
vt -0.127665 0.00192203
vt -0.127665 0.055739
f 172/328/120 81/329/120 80/330/29 171/331/29 

v -446.597 341 19.5611
vt -0.0840131 0.055739
vn -0.92388 -5.41864e-18 0.382683
vt -0.0840131 0.00192203
vt -0.103634 0.00192203
vt -0.103634 0.055739
f 173/332/121 83/333/121 81/334/120 172/335/120 

v -437.918 341 37.1586
vt -0.0583771 0.055739
vn -0.866025 -5.32894e-29 0.5
vt -0.0583771 0.00192203
vt -0.0779981 0.00192203
vt -0.0779981 0.055739
f 174/336/122 85/337/122 83/338/121 173/339/121 

v -427.018 341 53.4728
vt -0.0315744 0.055739
vn -0.793353 -3.46186e-29 0.608761
vt -0.0315744 0.00192203
vt -0.0511954 0.00192203
vt -0.0511954 0.055739
f 175/340/123 87/341/123 85/342/122 174/343/122 

v -414.081 341 68.2246
vt -0.00406363 0.055739
vt -0.00406363 0.00192203
vt -0.0236846 0.00192203
vt -0.0236846 0.055739
f 176/344/39 89/345/39 87/346/123 175/347/123 

v -399.329 341 81.1616
vt 0.0236846 0.055739
vn -0.608761 6.35831e-18 0.793353
vt 0.0236846 0.00192203
vt 0.00406363 0.00192203
vt 0.00406363 0.055739
f 177/348/124 91/349/124 89/350/39 176/351/39 

v -383.015 341 92.0624
vt 0.0511954 0.055739
vn -0.5 6.35831e-18 0.866025
vt 0.0511954 0.00192203
vt 0.0315744 0.00192203
vt 0.0315744 0.055739
f 178/352/125 93/353/125 91/354/124 177/355/124 

v -365.417 341 100.741
vt 0.0779981 0.055739
vn -0.382683 3.67876e-18 0.92388
vt 0.0779981 0.00192203
vt 0.0583771 0.00192203
vt 0.0583771 0.055739
f 179/356/126 95/357/126 93/358/125 178/359/125 

v -346.837 341 107.047
vt 0.103634 0.055739
vn -0.258819 3.67876e-18 0.965926
vt 0.103634 0.00192203
vt 0.0840131 0.00192203
vt 0.0840131 0.055739
f 180/360/127 97/361/127 95/362/126 179/363/126 

v -327.594 341 110.875
vt 0.127665 0.055739
vn -0.130526 7.48516e-19 0.991445
vt 0.127665 0.00192203
vt 0.108044 0.00192203
vt 0.108044 0.055739
f 181/364/128 99/365/128 97/366/127 180/367/127 

v -308.015 341 112.159
vt 0.149679 0.055739
vn -0.0654031 1.49383e-18 0.997859
vt 0.149679 0.00192203
vt 0.130058 0.00192203
vt 0.130058 0.055739
f 182/368/129 101/369/129 99/370/128 181/371/128 

vt 0.15 0.055739
vn 0 0 1
v 791.985 341 112.159
vt 1.25 0.055739
vt 1.25 0.00192203
vt 0.15 0.00192203
f 182/372/130 183/373/130 103/374/130 101/375/130 

v -308.015 340 112.159
vt -0.535018 0.748628
vn -0.0292617 -0.447405 0.893853
v 791.985 340 112.159
vt 0.234803 0.748628
vn 0.0292617 -0.447405 0.893853
vt 0.234803 0.750267
vt -0.535018 0.750267
vn -0.0327191 1.06573e-27 0.999465
f 184/376/131 185/377/132 183/378/53 182/379/133 

v -308.015 340 111.137
vt -0.535018 0.747254
vn 0 -1 -0
f 185/377/132 184/376/131 186/380/134

v -327.46 340 109.862
vt -0.548627 0.745539
f 186/380/134 184/376/131 187/381/134

v -327.594 340 110.875
vt -0.54872 0.746902
vn -0.116696 -0.447981 0.886395
f 184/376/131 188/382/135 187/381/134

vt -0.551752 0.750267
vn -0.130526 -5.30072e-27 0.991445
vt -0.551752 0.748628
f 181/383/136 188/384/135 184/376/131 182/379/133 

vt -0.542908 0.750267
vn -0.258819 -9.01297e-17 0.965926
v -346.837 340 107.047
vt -0.542908 0.748628
vn -0.231395 -0.447981 0.863579
vt -0.529177 0.748628
vt -0.529177 0.750267
f 180/385/137 189/386/138 188/387/135 181/388/136 

vt -0.559642 0.750267
vn -0.382683 -9.01297e-17 0.92388
v -365.417 340 100.741
vt -0.559642 0.748628
vn -0.342136 -0.447981 0.825988
f 179/389/139 190/390/140 189/386/138 180/385/137 

vt -0.506537 0.750267
vn -0.5 9.0675e-27 0.866025
v -383.015 340 92.0624
vt -0.506537 0.748628
vn -0.447022 -0.447981 0.774264
vt -0.489803 0.748628
vt -0.489803 0.750267
f 178/391/141 191/392/142 190/393/140 179/394/139 

vt -0.520268 0.750267
vn -0.608761 9.0675e-27 0.793353
v -399.329 340 81.1616
vt -0.520268 0.748628
vn -0.544259 -0.447981 0.709292
f 177/395/143 192/396/144 191/392/142 178/391/141 

vt -0.537002 0.750267
vn -0.707107 2.45417e-26 0.707107
v -414.081 340 68.2246
vt -0.537002 0.748628
vn -0.632184 -0.447981 0.632184
f 176/397/145 193/398/146 192/396/144 177/395/143 

vt -0.488363 0.750267
vn -0.793353 2.45417e-26 0.608761
v -427.018 340 53.4728
vt -0.488363 0.748628
vn -0.709292 -0.447981 0.544259
vt -0.474631 0.748628
vt -0.474631 0.750267
f 175/399/147 194/400/148 193/401/146 176/402/145 

vt -0.505097 0.750267
vn -0.866025 -1.46379e-26 0.5
v -437.918 340 37.1586
vt -0.505097 0.748628
vn -0.774264 -0.447981 0.447022
f 174/403/149 195/404/150 194/400/148 175/399/147 

vt -0.445415 0.750267
vn -0.92388 -3.00928e-26 0.382683
v -446.597 340 19.5611
vt -0.445415 0.748628
vn -0.825988 -0.447981 0.342136
vt -0.431683 0.748628
vt -0.431683 0.750267
f 173/405/151 196/406/152 195/407/150 174/408/149 

vt -0.38062 0.750267
v -452.903 340 0.981431
vt -0.38062 0.748628
vn -0.863579 -0.447981 0.231395
vt -0.363886 0.748628
vt -0.363886 0.750267
f 172/409/31 197/410/153 196/411/152 173/412/151 

vt -0.394351 0.750267
v -456.731 340 -18.2625
vt -0.394351 0.748628
vn -0.886395 -0.447981 0.116696
f 171/413/29 198/414/154 197/410/153 172/409/31 

vt -0.411085 0.750267
v -458.015 340 -37.8414
vt -0.411085 0.748628
vn -0.893853 -0.447405 0.0292617
f 170/415/30 199/416/155 198/414/154 171/413/29 

vt -0.534421 0.750267
vn -0.999465 2.66434e-28 -0.0327191
v -458.015 340 -337.841
vt -0.534421 0.748628
vn -0.893853 -0.447405 -0.0292617
vt -0.278562 0.748628
vt -0.278562 0.750267
f 169/417/156 200/418/157 199/419/155 170/420/28 

vt -0.548153 0.750267
vn -0.991445 2.66862e-28 -0.130526
v -456.731 340 -357.42
vt -0.548153 0.748628
vn -0.886395 -0.447981 -0.116696
f 168/421/158 201/422/159 200/418/157 169/417/156 

vt -0.564887 0.750267
vn -0.965926 -1.8078e-26 -0.258819
v -452.903 340 -376.664
vt -0.564887 0.748628
vn -0.863579 -0.447981 -0.231395
f 167/423/160 202/424/161 201/422/159 168/421/158 

vt -0.48092 0.750267
vn -0.92388 -3.44011e-27 -0.382683
v -446.597 340 -395.244
vt -0.48092 0.748628
vn -0.825988 -0.447981 -0.342136
vt -0.467189 0.748628
vt -0.467189 0.750267
f 166/425/162 203/426/163 202/427/161 167/428/160 

vt -0.497654 0.750267
vn -0.866025 4.17789e-26 -0.5
v -437.918 340 -412.841
vt -0.497654 0.748628
vn -0.774264 -0.447981 -0.447022
f 165/429/164 204/430/165 203/426/163 166/425/162 

vt -0.403152 0.750267
vn -0.793353 2.44506e-26 -0.608761
v -427.018 340 -429.156
vt -0.403152 0.748628
vn -0.709292 -0.447981 -0.544259
vt -0.389421 0.748628
vt -0.389421 0.750267
f 164/431/166 205/432/167 204/433/165 165/434/164 

vt -0.419886 0.750267
vn -0.707107 2.10811e-16 -0.707107
v -414.081 340 -443.907
vt -0.419886 0.748628
vn -0.632184 -0.447981 -0.632184
f 163/435/168 206/436/169 205/432/167 164/431/166 

vt -0.264716 0.750267
vn -0.608761 2.10811e-16 -0.793353
v -399.329 340 -456.844
vt -0.264716 0.748628
vn -0.544259 -0.447981 -0.709292
vt -0.247982 0.748628
vt -0.247982 0.750267
f 162/437/170 207/438/171 206/439/169 163/440/168 

vt -0.278447 0.750267
vn -0.5 -9.0675e-27 -0.866025
v -383.015 340 -467.745
vt -0.278447 0.748628
vn -0.447022 -0.447981 -0.774264
f 161/441/172 208/442/173 207/438/171 162/437/170 

vt -0.295181 0.750267
vn -0.382683 -4.2627e-17 -0.92388
v -365.417 340 -476.423
vt -0.295181 0.748628
vn -0.342136 -0.447981 -0.825988
f 160/443/174 209/444/175 208/442/173 161/441/172 

vt -0.1473 0.750267
vn -0.258819 -4.2627e-17 -0.965926
v -346.837 340 -482.73
vt -0.1473 0.748628
vn -0.231395 -0.447981 -0.863579
vt -0.130566 0.748628
vt -0.130566 0.750267
f 159/445/176 210/446/177 209/447/175 160/448/174 

vt -0.161031 0.750267
vn -0.130526 -1.13711e-27 -0.991445
v -327.594 340 -486.558
vt -0.161031 0.748628
vn -0.116696 -0.447981 -0.886395
f 157/449/178 211/450/179 210/446/177 159/445/176 

vt -0.177765 0.750267
vn -0.0327191 -5.13073e-27 -0.999465
v -308.015 340 -487.841
vt -0.177765 0.748628
vn -0.0292617 -0.447405 -0.893853
f 158/451/180 212/452/181 211/450/179 157/449/178 

v 791.985 341 -487.841
vt -0.850203 0.750267
vn 0.0327191 4.06499e-27 -0.999465
v 791.985 340 -487.841
vt -0.850203 0.748628
vn 0.0292617 -0.447405 -0.893853
vt 0.0879497 0.748628
vt 0.0879497 0.750267
f 213/453/182 214/454/183 212/455/181 158/456/180 

v 811.564 341 -486.558
vt -0.863934 0.750267
vn 0.130526 6.9665e-29 -0.991445
v 811.564 340 -486.558
vt -0.863934 0.748628
vn 0.116696 -0.447981 -0.886395
f 215/457/184 216/458/185 214/454/183 213/453/182 

v 830.808 341 -482.73
vt -0.880668 0.750267
vn 0.258819 1.32757e-16 -0.965926
v 830.808 340 -482.73
vt -0.880668 0.748628
vn 0.231395 -0.447981 -0.863579
f 217/459/186 218/460/187 216/458/185 215/457/184 

v 849.388 341 -476.423
vt -0.775171 0.750267
vn 0.382683 1.32757e-16 -0.92388
v 849.388 340 -476.423
vt -0.775171 0.748628
vn 0.342136 -0.447981 -0.825988
vt -0.761439 0.748628
vt -0.761439 0.750267
f 219/461/188 220/462/189 218/463/187 217/464/186 

v 866.985 341 -467.745
vt -0.642087 0.750267
vn 0.5 -2.33139e-16 -0.866025
v 866.985 340 -467.745
vt -0.642087 0.748628
vn 0.447022 -0.447981 -0.774264
vt -0.625353 0.748628
vt -0.625353 0.750267
f 221/465/190 222/466/191 220/467/189 219/468/188 

v 883.3 341 -456.844
vt -0.655819 0.750267
vn 0.608761 -4.4395e-16 -0.793353
v 883.3 340 -456.844
vt -0.655819 0.748628
vn 0.544259 -0.447981 -0.709292
f 223/469/192 224/470/193 222/466/191 221/465/190 

v 898.051 341 -443.907
vt -0.672553 0.750267
vn 0.707107 -2.10811e-16 -0.707107
v 898.051 340 -443.907
vt -0.672553 0.748628
vn 0.632184 -0.447981 -0.632184
f 225/471/194 226/472/195 224/470/193 223/469/192 

v 910.988 341 -429.156
vt -0.423935 0.750267
v 910.988 340 -429.156
vt -0.423935 0.748628
vn 0.709292 -0.447981 -0.544259
vt -0.407201 0.748628
vt -0.407201 0.750267
f 227/473/89 228/474/196 226/475/195 225/476/194 

v 921.889 341 -412.841
vt -0.437667 0.750267
vn 0.866025 1.24015e-16 -0.5
v 921.889 340 -412.841
vt -0.437667 0.748628
vn 0.774264 -0.447981 -0.447022
f 229/477/197 230/478/198 228/474/196 227/473/89 

v 930.567 341 -395.244
vt -0.454401 0.750267
vn 0.92388 1.24015e-16 -0.382683
v 930.567 340 -395.244
vt -0.454401 0.748628
vn 0.825988 -0.447981 -0.342136
f 231/479/199 232/480/200 230/478/198 229/477/197 

v 936.874 341 -376.664
vt -0.280598 0.750267
vn 0.965926 1.59204e-27 -0.258819
v 936.874 340 -376.664
vt -0.280598 0.748628
vn 0.863579 -0.447981 -0.231395
vt -0.266867 0.748628
vt -0.266867 0.750267
f 233/481/201 234/482/202 232/483/200 231/484/199 

v 940.702 341 -357.42
vt -0.112914 0.750267
vn 0.991445 1.32518e-27 -0.130526
v 940.702 340 -357.42
vt -0.112914 0.748628
vn 0.886395 -0.447981 -0.116696
vt -0.0961804 0.748628
vt -0.0961804 0.750267
f 235/485/203 236/486/204 234/487/202 233/488/201 

v 941.985 341 -337.841
vt -0.126646 0.750267
vn 0.999465 -2.66434e-28 -0.0327191
v 941.985 340 -337.841
vt -0.126646 0.748628
vn 0.893853 -0.447405 -0.0292617
f 237/489/205 238/490/206 236/486/204 235/485/203 

v 941.985 341 -37.8414
vt -0.382506 0.750267
v 941.985 340 -37.8414
vt -0.382506 0.748628
vn 0.893853 -0.447405 0.0292617
f 239/491/77 240/492/207 238/490/206 237/489/205 

v 940.702 341 -18.2625
vt -0.263647 0.750267
v 940.702 340 -18.2625
vt -0.263647 0.748628
vn 0.886395 -0.447981 0.116696
vt -0.249915 0.748628
vt -0.249915 0.750267
f 241/493/75 242/494/208 240/495/207 239/496/77 

v 936.874 341 0.981431
vt -0.109353 0.750267
v 936.874 340 0.981431
vt -0.109353 0.748628
vn 0.863579 -0.447981 0.231395
vt -0.0926191 0.748628
vt -0.0926191 0.750267
f 243/497/73 244/498/209 242/499/208 241/500/75 

v 930.567 341 19.5611
vt -0.123085 0.750267
v 930.567 340 19.5611
vt -0.123085 0.748628
vn 0.825988 -0.447981 0.342136
f 245/501/71 246/502/210 244/498/209 243/497/73 

v 921.889 341 37.1586
vt -0.139819 0.750267
v 921.889 340 37.1586
vt -0.139819 0.748628
vn 0.774264 -0.447981 0.447022
f 247/503/69 248/504/211 246/502/210 245/501/71 

v 910.988 341 53.4728
vt 0.00362723 0.750267
v 910.988 340 53.4728
vt 0.00362723 0.748628
vn 0.709292 -0.447981 0.544259
vt 0.0173587 0.748628
vt 0.0173587 0.750267
f 249/505/67 250/506/212 248/507/211 247/508/69 

v 898.051 341 68.2246
vt -0.0131068 0.750267
v 898.051 340 68.2246
vt -0.0131068 0.748628
vn 0.632184 -0.447981 0.632184
f 251/509/65 252/510/213 250/506/212 249/505/67 

v 883.3 341 81.1616
vt 0.107853 0.750267
v 883.3 340 81.1616
vt 0.107853 0.748628
vn 0.544259 -0.447981 0.709292
vt 0.121585 0.748628
vt 0.121585 0.750267
f 253/511/63 254/512/214 252/513/213 251/514/65 

v 866.985 341 92.0624
vt 0.196223 0.750267
v 866.985 340 92.0624
vt 0.196223 0.748628
vn 0.447022 -0.447981 0.774264
vt 0.212957 0.748628
vt 0.212957 0.750267
f 255/515/61 256/516/215 254/517/214 253/518/63 

v 849.388 341 100.741
vt 0.182491 0.750267
v 849.388 340 100.741
vt 0.182491 0.748628
vn 0.342136 -0.447981 0.825988
f 257/519/59 258/520/216 256/516/215 255/515/61 

v 830.808 341 107.047
vt 0.165757 0.750267
v 830.808 340 107.047
vt 0.165757 0.748628
vn 0.231395 -0.447981 0.863579
f 259/521/57 260/522/217 258/520/216 257/519/59 

v 811.564 341 110.875
vt 0.222454 0.750267
v 811.564 340 110.875
vt 0.222454 0.748628
vn 0.116696 -0.447981 0.886395
vt 0.236186 0.748628
vt 0.236186 0.750267
f 261/523/55 262/524/218 260/525/217 259/526/57 

vt 0.251537 0.748628
vt 0.251537 0.750267
f 183/378/53 185/377/132 262/527/218 261/528/55 

vt 0.248505 0.746902
v 811.431 340 109.862
vt 0.248412 0.745539
f 262/529/218 185/377/132 263/530/134

v 791.985 340 111.137
vt 0.234803 0.747254
f 263/530/134 185/377/132 264/531/134

f 264/531/134 185/377/132 186/380/134

v -398.707 340 -456.034
vt -0.0404277 0.938835
v -382.504 340 -466.86
vt -0.0517672 0.956582
v -365.026 340 -475.479
vt -0.0639987 0.970711
v -346.573 340 -481.743
vt -0.0769129 0.980979
v -327.46 340 -485.545
vt -0.0902888 0.987211
v -308.015 340 -486.82
vt -0.103897 0.9893
v 791.985 340 -486.82
vt -0.873719 0.9893
v 811.431 340 -485.545
vt -0.887327 0.987211
v 830.544 340 -481.743
vt -0.900703 0.980979
v 848.997 340 -475.479
vt -0.913617 0.970711
v 866.475 340 -466.86
vt -0.925849 0.956582
v 882.678 340 -456.034
vt -0.937188 0.938835
v 897.329 340 -443.185
vt -0.947442 0.917773
v 910.178 340 -428.534
vt -0.956434 0.893756
v 921.004 340 -412.331
vt -0.964011 0.867195
v 929.623 340 -394.853
vt -0.970043 0.838545
v 935.887 340 -376.4
vt -0.974427 0.808296
v 939.689 340 -357.287
vt -0.977087 0.776965
v 940.964 340 -337.841
vt -0.977979 0.74509
v 940.964 340 -37.8414
vt -0.977979 0.253318
v 939.689 340 -18.3959
vt -0.977087 0.221443
v 935.887 340 0.716995
vt -0.974427 0.190112
v 929.623 340 19.1701
vt -0.970043 0.159863
v 921.004 340 36.6477
vt -0.964011 0.131213
v 910.178 340 52.8508
vt -0.956434 0.104652
v 897.329 340 67.5021
vt -0.947442 0.0806354
v 882.678 340 80.351
vt -0.937188 0.0595731
v 866.475 340 91.1776
vt -0.925849 0.0418258
v 848.997 340 99.7966
vt -0.913617 0.0276972
v 830.544 340 106.061
vt -0.900703 0.017429
vt -0.887327 0.011197
vt -0.873719 0.00910774
vt -0.103897 0.00910774
vt -0.0902888 0.011197
v -346.573 340 106.061
vt -0.0769129 0.017429
v -365.026 340 99.7966
vt -0.0639987 0.0276972
v -382.504 340 91.1776
vt -0.0517672 0.0418258
v -398.707 340 80.351
vt -0.0404277 0.0595731
v -413.358 340 67.5021
vt -0.0301741 0.0806354
v -426.207 340 52.8508
vt -0.021182 0.104652
v -437.034 340 36.6477
vt -0.0136052 0.131213
v -445.653 340 19.1701
vt -0.00757327 0.159863
v -451.917 340 0.716995
vt -0.0031895 0.190112
v -455.718 340 -18.3959
vt -0.00052887 0.221443
v -456.993 340 -37.8414
vt 0.000363094 0.253318
v -456.993 340 -337.841
vt 0.000363094 0.74509
v -455.718 340 -357.287
vt -0.00052887 0.776965
v -451.917 340 -376.4
vt -0.0031895 0.808296
v -445.653 340 -394.853
vt -0.00757327 0.838545
v -437.034 340 -412.331
vt -0.0136052 0.867195
v -426.207 340 -428.534
vt -0.021182 0.893756
v -413.358 340 -443.185
vt -0.0301741 0.917773
f 265/532/134 266/533/134 267/534/134 268/535/134 269/536/134 270/537/134 271/538/134 272/539/134 273/540/134 274/541/134 275/542/134 276/543/134 277/544/134 278/545/134 279/546/134 280/547/134 281/548/134 282/549/134 283/550/134 284/551/134 285/552/134 286/553/134 287/554/134 288/555/134 289/556/134 290/557/134 291/558/134 292/559/134 293/560/134 294/561/134 263/562/134 264/563/134 186/564/134 187/565/134 295/566/134 296/567/134 297/568/134 298/569/134 299/570/134 300/571/134 301/572/134 302/573/134 303/574/134 304/575/134 305/576/134 306/577/134 307/578/134 308/579/134 309/580/134 310/581/134 311/582/134 312/583/134 

vt -0.587148 -0.030217
vt -0.598488 -0.015654
vt -0.587506 -0.0314071
f 266/584/134 265/585/134 208/586/173

vt -0.598923 -0.0167443
f 208/586/173 265/585/134 207/587/171

vt -0.608741 0.00162912
f 265/585/134 312/588/134 207/587/171

vt -0.609247 0.000657341
f 207/587/171 312/588/134 206/589/169

vt -0.617733 0.0213368
f 312/588/134 311/590/134 206/589/169

vt -0.618301 0.0205002
f 206/589/169 311/590/134 205/591/167

vt -0.62531 0.0431317
f 311/590/134 310/592/134 205/591/167

vt -0.625929 0.0424446
f 205/591/167 310/592/134 204/593/165

vt -0.631342 0.0666411
f 310/592/134 309/594/134 204/593/165

vt -0.632003 0.0661152
f 204/593/165 309/594/134 203/595/163

vt -0.635726 0.0914626
f 309/594/134 308/596/134 203/595/163

vt -0.636416 0.0911069
f 203/595/163 308/596/134 202/597/161

vt -0.638386 0.117171
f 308/596/134 307/598/134 202/597/161

vt -0.639095 0.116992
f 202/597/161 307/598/134 201/599/159

vt -0.639278 0.143328
f 307/598/134 306/600/134 201/599/159

vt -0.639993 0.143328
f 201/599/159 306/600/134 200/601/157

vt -0.639278 0.546861
f 305/602/134 200/601/157 306/600/134

vt -0.639993 0.546861
f 200/601/157 305/602/134 199/603/155

vt -0.639095 0.573197
f 198/604/154 199/603/155 305/602/134

vt -0.638386 0.573018
f 304/605/134 198/604/154 305/602/134

vt -0.636416 0.599082
f 197/606/153 198/604/154 304/605/134

vt -0.635726 0.598727
f 303/607/134 197/606/153 304/605/134

vt -0.632003 0.624074
f 196/608/152 197/606/153 303/607/134

vt -0.631342 0.623548
f 302/609/134 196/608/152 303/607/134

vt -0.625929 0.647745
f 195/610/150 196/608/152 302/609/134

vt -0.62531 0.647058
f 301/611/134 195/610/150 302/609/134

vt -0.618301 0.669689
f 194/612/148 195/610/150 301/611/134

vt -0.617733 0.668852
f 300/613/134 194/612/148 301/611/134

vt -0.609247 0.689532
f 193/614/146 194/612/148 300/613/134

vt -0.608741 0.68856
f 299/615/134 193/614/146 300/613/134

vt -0.598923 0.706934
f 192/616/144 193/614/146 299/615/134

vt -0.598488 0.705843
f 298/617/134 192/616/144 299/615/134

vt -0.587506 0.721596
f 191/618/142 192/616/144 298/617/134

vt -0.587148 0.720406
f 297/619/134 191/618/142 298/617/134

vt -0.57519 0.733269
f 190/620/140 191/618/142 297/619/134

vt -0.574917 0.732
f 296/621/134 190/620/140 297/619/134

vt -0.562187 0.741753
f 189/622/138 190/620/140 296/621/134

vt -0.562002 0.740425
f 295/623/134 189/622/138 296/621/134

f 188/382/135 189/622/138 295/623/134

f 187/381/134 188/382/135 295/623/134

vt -0.57519 -0.0430802
f 209/624/175 266/584/134 208/586/173

vt -0.574917 -0.0418105
f 267/625/134 266/584/134 209/624/175

vt -0.562187 -0.0515637
f 210/626/177 267/625/134 209/624/175

vt -0.562002 -0.0502362
f 268/627/134 267/625/134 210/626/177

vt -0.54872 -0.0567126
f 211/628/179 268/627/134 210/626/177

vt -0.548627 -0.0553501
f 269/629/134 268/627/134 211/628/179

vt -0.535018 -0.0584388
f 212/630/181 269/629/134 211/628/179

vt -0.535018 -0.0570644
f 270/631/134 269/629/134 212/630/181

vt 0.234803 -0.0570644
f 271/632/134 270/631/134 212/630/181

vt 0.234803 -0.0584388
f 214/633/183 271/632/134 212/630/181

vt 0.248412 -0.0553501
f 272/634/134 271/632/134 214/633/183

vt 0.248505 -0.0567126
f 216/635/185 272/634/134 214/633/183

vt 0.261788 -0.0502362
f 273/636/134 272/634/134 216/635/185

vt 0.261973 -0.0515637
f 218/637/187 273/636/134 216/635/185

vt 0.274702 -0.0418105
f 274/638/134 273/636/134 218/637/187

vt 0.274976 -0.0430802
f 220/639/189 274/638/134 218/637/187

vt 0.286934 -0.030217
f 275/640/134 274/638/134 220/639/189

vt 0.287291 -0.0314071
f 222/641/191 275/640/134 220/639/189

vt 0.298273 -0.015654
f 276/642/134 275/640/134 222/641/191

vt 0.298708 -0.0167443
f 224/643/193 276/642/134 222/641/191

vt 0.308527 0.00162912
f 277/644/134 276/642/134 224/643/193

vt 0.309032 0.000657341
f 226/645/195 277/644/134 224/643/193

vt 0.317519 0.0213368
f 278/646/134 277/644/134 226/645/195

vt 0.318086 0.0205002
f 228/647/196 278/646/134 226/645/195

vt 0.325096 0.0431317
f 279/648/134 278/646/134 228/647/196

vt 0.325715 0.0424446
f 230/649/198 279/648/134 228/647/196

vt 0.331128 0.0666411
f 280/650/134 279/648/134 230/649/198

vt 0.331788 0.0661152
f 232/651/200 280/650/134 230/649/198

vt 0.335511 0.0914626
f 281/652/134 280/650/134 232/651/200

vt 0.336202 0.0911069
f 234/653/202 281/652/134 232/651/200

vt 0.338172 0.117171
f 282/654/134 281/652/134 234/653/202

vt 0.338881 0.116992
f 236/655/204 282/654/134 234/653/202

vt 0.339064 0.143328
f 283/656/134 282/654/134 236/655/204

vt 0.339779 0.143328
f 238/657/206 283/656/134 236/655/204

vt 0.339779 0.546861
f 240/658/207 283/656/134 238/657/206

vt 0.339064 0.546861
f 283/656/134 240/658/207 284/659/134

vt 0.338881 0.573197
f 240/658/207 242/660/208 284/659/134

vt 0.338172 0.573018
f 284/659/134 242/660/208 285/661/134

vt 0.336202 0.599082
f 242/660/208 244/662/209 285/661/134

vt 0.335511 0.598727
f 285/661/134 244/662/209 286/663/134

vt 0.331788 0.624074
f 244/662/209 246/664/210 286/663/134

vt 0.331128 0.623548
f 286/663/134 246/664/210 287/665/134

vt 0.325715 0.647745
f 246/664/210 248/666/211 287/665/134

vt 0.325096 0.647058
f 287/665/134 248/666/211 288/667/134

vt 0.318086 0.669689
f 248/666/211 250/668/212 288/667/134

vt 0.317519 0.668852
f 288/667/134 250/668/212 289/669/134

vt 0.309032 0.689532
f 250/668/212 252/670/213 289/669/134

vt 0.308527 0.68856
f 289/669/134 252/670/213 290/671/134

vt 0.298708 0.706934
f 252/670/213 254/672/214 290/671/134

vt 0.298273 0.705843
f 290/671/134 254/672/214 291/673/134

vt 0.287291 0.721596
f 254/672/214 256/674/215 291/673/134

vt 0.286934 0.720406
f 291/673/134 256/674/215 292/675/134

vt 0.274976 0.733269
f 256/674/215 258/676/216 292/675/134

vt 0.274702 0.732
f 292/675/134 258/676/216 293/677/134

vt 0.261973 0.741753
f 258/676/216 260/678/217 293/677/134

vt 0.261788 0.740425
f 293/677/134 260/678/217 294/679/134

f 260/678/217 262/529/218 294/679/134

f 294/679/134 262/529/218 263/530/134

vt 1.26694 0.055739
vt 1.26694 0.00192203
vt 1.24732 0.00192203
vn 0.0654031 0 0.997859
vt 1.24732 0.055739
f 261/680/55 105/681/55 103/682/219 183/683/219 

vt 1.26506 0.055739
vt 1.26506 0.00192203
vt 1.24543 0.00192203
vt 1.24543 0.055739
f 259/684/57 107/685/57 105/686/55 261/687/55 

vt 1.24169 0.055739
vt 1.24169 0.00192203
vt 1.22207 0.00192203
vt 1.22207 0.055739
f 257/688/59 109/689/59 107/690/57 259/691/57 

vt 1.19724 0.055739
vt 1.19724 0.00192203
vt 1.17762 0.00192203
vt 1.17762 0.055739
f 255/692/61 111/693/61 109/694/59 257/695/59 

vt 1.13248 0.055739
vt 1.13248 0.00192203
vt 1.11286 0.00192203
vt 1.11286 0.055739
f 253/696/63 113/697/63 111/698/61 255/699/61 

vt 1.04851 0.055739
vt 1.04851 0.00192203
vt 1.02889 0.00192203
vt 1.02889 0.055739
f 251/700/65 115/701/65 113/702/63 253/703/63 

vt 0.946769 0.055739
vt 0.946769 0.00192203
vt 0.927148 0.00192203
vt 0.927148 0.055739
f 249/704/67 117/705/67 115/706/65 251/707/65 

vt 0.828994 0.055739
vt 0.828994 0.00192203
vt 0.809373 0.00192203
vt 0.809373 0.055739
f 247/708/69 119/709/69 117/710/67 249/711/67 

vt 0.697202 0.055739
vt 0.697202 0.00192203
vt 0.677581 0.00192203
vt 0.677581 0.055739
f 245/712/71 121/713/71 119/714/69 247/715/69 

vt 0.553649 0.055739
vt 0.553649 0.00192203
vt 0.534028 0.00192203
vt 0.534028 0.055739
f 243/716/73 123/717/73 121/718/71 245/719/71 

vt 0.400791 0.055739
vt 0.400791 0.00192203
vt 0.38117 0.00192203
vt 0.38117 0.055739
f 241/720/75 125/721/75 123/722/73 243/723/73 

vt 0.241243 0.055739
vn 0.997859 0 0.0654031
vt 0.241243 0.00192203
vt 0.221622 0.00192203
vt 0.221622 0.055739
f 239/724/220 127/725/220 125/726/75 241/727/75 

vt 0.45 0.055739
vn 1 0 -0
vt 0.45 0.00192203
f 237/728/221 129/729/221 127/375/221 239/372/221 

vt 0.377093 0.055739
vn 0.991445 -7.48516e-19 -0.130526
vt 0.377093 0.00192203
vt 0.357472 0.00192203
vn 0.997859 -1.49383e-18 -0.0654031
vt 0.357472 0.055739
f 235/730/222 131/731/222 129/732/223 237/733/223 

vt 0.207301 0.055739
vn 0.965926 -3.67876e-18 -0.258819
vt 0.207301 0.00192203
vt 0.18768 0.00192203
vt 0.18768 0.055739
f 233/734/224 133/735/224 131/736/222 235/737/222 

vt 0.0341297 0.055739
vn 0.92388 -3.67876e-18 -0.382683
vt 0.0341297 0.00192203
vt 0.0145088 0.00192203
vt 0.0145088 0.055739
f 231/738/225 135/739/225 133/740/224 233/741/224 

vt -0.139458 0.055739
vt -0.139458 0.00192203
vt -0.159079 0.00192203
vt -0.159079 0.055739
f 229/742/87 137/743/87 135/744/225 231/745/225 

vt -0.310491 0.055739
vn 0.793353 7.54598e-18 -0.608761
vt -0.310491 0.00192203
vt -0.330112 0.00192203
vt -0.330112 0.055739
f 227/746/226 139/747/226 137/748/87 229/749/87 

vt -0.476044 0.055739
vn 0.707107 7.54598e-18 -0.707107
vt -0.476044 0.00192203
vt -0.495665 0.00192203
vt -0.495665 0.055739
f 225/750/227 141/751/227 139/752/226 227/753/226 

vt -0.633284 0.055739
vn 0.608761 -3.91289e-30 -0.793353
vt -0.633284 0.00192203
vt -0.652905 0.00192203
vt -0.652905 0.055739
f 223/754/228 143/755/228 141/756/227 225/757/227 

vt -0.77952 0.055739
vt -0.77952 0.00192203
vt -0.799141 0.00192203
vt -0.799141 0.055739
f 221/758/95 145/759/95 143/760/228 223/761/228 

vt -0.912251 0.055739
vn 0.382683 4.92823e-30 -0.92388
vt -0.912251 0.00192203
vt -0.931871 0.00192203
vt -0.931871 0.055739
f 219/762/229 147/763/229 145/764/95 221/765/95 

vt -1.0292 0.055739
vn 0.258819 -1.76197e-31 -0.965926
vt -1.0292 0.00192203
vt -1.04883 0.00192203
vt -1.04883 0.055739
f 217/766/230 149/767/230 147/768/229 219/769/229 

vt -1.12838 0.055739
vn 0.130526 8.88585e-32 -0.991445
vt -1.12838 0.00192203
vt -1.148 0.00192203
vt -1.148 0.055739
f 215/770/231 151/771/231 149/772/230 217/773/230 

vt -1.20808 0.055739
vn 0.0654031 1.03643e-29 -0.997859
vt -1.20808 0.00192203
vt -1.2277 0.00192203
vt -1.2277 0.055739
f 213/774/232 153/775/232 151/776/231 215/777/231 

vn 0 0 -1
vt -1.25 0.00192203
vt -1.25 0.055739
f 158/320/233 155/321/233 153/778/233 213/779/233 

vt -0.639095 0.777184
f 77/780/26 3/3/3 2/2/2

vt -0.638386 0.776965
f 16/781/2 77/780/26 2/2/2

vt -0.636416 0.808729
f 75/782/24 77/780/26 16/781/2

vt -0.635726 0.808296
f 15/783/2 75/782/24 16/781/2

vt -0.632003 0.839186
f 73/784/22 75/782/24 15/783/2

vt -0.631342 0.838545
f 14/785/2 73/784/22 15/783/2

vt -0.625929 0.868032
f 71/786/20 73/784/22 14/785/2

vt -0.62531 0.867195
f 13/787/2 71/786/20 14/785/2

vt -0.618301 0.894775
f 69/788/18 71/786/20 13/787/2

vt -0.617733 0.893756
f 12/789/2 69/788/18 13/787/2

vt -0.609247 0.918957
f 67/790/16 69/788/18 12/789/2

vt -0.608741 0.917773
f 11/791/2 67/790/16 12/789/2

vt -0.598923 0.940164
f 65/792/14 67/790/16 11/791/2

vt -0.598488 0.938835
f 10/793/2 65/792/14 11/791/2

vt -0.587506 0.958033
f 63/794/12 65/792/14 10/793/2

vt -0.587148 0.956582
f 9/795/2 63/794/12 10/793/2

vt -0.57519 0.972258
f 61/796/10 63/794/12 9/795/2

f 8/61/2 61/796/10 9/795/2

f 56/60/5 61/796/10 8/61/2

g Mesh2 Component_5_1 Coffe_Table Model

v -229.973 130.533 59.3449
vt 0.000163862 9.14433
vn 0 -2.54495e-16 1
v -230.579 131.322 59.3449
vt 0.00235813 9.14619
v -231.368 131.928 59.3449
vt 0.00521776 9.14762
v -232.287 132.309 59.3449
vt 0.00854787 9.14852
v -233.274 132.438 59.3449
vt 0.0121215 9.14883
v -234.26 132.309 59.3449
vt 0.0156952 9.14852
v -235.179 131.928 59.3449
vt 0.0190253 9.14762
v -235.968 131.322 59.3449
vt 0.0218849 9.14619
v -236.574 130.533 59.3449
vt 0.0240792 9.14433
v -236.955 129.614 59.3449
vt 0.0254586 9.14216
v -237.085 128.628 59.3449
vt 0.025929 9.13983
v -236.955 127.641 59.3449
vt 0.0254586 9.1375
v -236.574 126.722 59.3449
vt 0.0240792 9.13533
v -235.968 125.933 59.3449
vt 0.0218849 9.13347
v -235.179 125.327 59.3449
vt 0.0190253 9.13204
v -234.26 124.947 59.3449
vt 0.0156952 9.13114
v -233.274 124.817 59.3449
vt 0.0121215 9.13084
v -232.287 124.947 59.3449
vt 0.00854787 9.13114
v -231.368 125.327 59.3449
vt 0.00521776 9.13204
v -230.579 125.933 59.3449
vt 0.00235813 9.13347
v -229.973 126.722 59.3449
vt 0.000163862 9.13533
v -229.593 127.641 59.3449
vt -0.00121551 9.1375
v -229.463 128.628 59.3449
vt -0.00168599 9.13983
v -229.593 129.614 59.3449
vt -0.00121551 9.14216
f 313/797/234 314/798/234 315/799/234 316/800/234 317/801/234 318/802/234 319/803/234 320/804/234 321/805/234 322/806/234 323/807/234 324/808/234 325/809/234 326/810/234 327/811/234 328/812/234 329/813/234 330/814/234 331/815/234 332/816/234 333/817/234 334/818/234 335/819/234 336/820/234 

vt 0.534189 8.76063
v -229.75 132.152 59.3449
vt 0.536131 8.76161
vt 0.5348 8.76267
f 313/821/234 337/822/234 314/823/234

vt 0.533325 8.75897
f 336/824/234 337/822/234 313/821/234

v -228.958 131.119 59.3449
vt 0.535332 8.75895
f 338/825/234 337/822/234 336/824/234

vt 0.536545 8.95589
vn 0.707107 0.707107 -4.21513e-16
vt 0.536545 8.95281
vn 0.866025 0.5 -2.98055e-16
v -228.958 131.119 -437.227
vt -1.26267 8.95281
v -229.75 132.152 -437.227
vt -1.26267 8.95589
f 337/826/235 338/827/236 339/828/236 340/829/235 

vt 0.536545 9.1034
v -228.46 129.918 59.3449
vt 0.536545 9.11246
vn 0.965926 0.258819 -1.54285e-16
v -228.46 129.918 -437.227
vt -1.26267 9.11246
vt -1.26267 9.1034
f 338/830/236 341/831/237 342/832/237 339/833/236 

vt 0.534202 8.75678
v -228.958 126.136 59.3449
vt 0.529677 8.75444
f 341/834/234 338/825/234 343/835/234

vt 0.532267 8.7578
f 338/825/234 335/836/234 343/835/234

f 335/836/234 338/825/234 336/824/234

vt 0.531087 8.75719
f 335/836/234 334/837/234 343/835/234

v -229.75 125.104 59.3449
vt 0.528133 8.75524
f 343/835/234 334/837/234 344/838/234

vt 0.529865 8.75719
f 334/837/234 333/839/234 344/838/234

vt 0.528684 8.7578
f 333/839/234 332/840/234 344/838/234

v -230.782 124.312 59.3449
vt 0.526749 8.75678
f 344/838/234 332/840/234 345/841/234

vt 0.527626 8.75897
f 332/840/234 331/842/234 345/841/234

v -231.984 123.814 59.3449
vt 0.525619 8.75895
f 345/841/234 331/842/234 346/843/234

vt 0.526762 8.76063
f 331/842/234 330/844/234 346/843/234

v -233.274 123.644 59.3449
vt 0.52482 8.76161
f 346/843/234 330/844/234 347/845/234

vt 0.526151 8.76267
f 330/844/234 329/846/234 347/845/234

vt 0.525835 8.76494
f 329/846/234 328/847/234 347/845/234

v -234.564 123.814 59.3449
vt 0.524407 8.76457
f 347/845/234 328/847/234 348/848/234

vt 0.525835 8.76728
f 328/847/234 327/849/234 348/848/234

v -235.765 124.312 59.3449
vt 0.524407 8.76765
f 348/848/234 327/849/234 349/850/234

vt 0.526151 8.76955
f 327/849/234 326/851/234 349/850/234

vt 0.526762 8.77159
f 326/851/234 325/852/234 349/850/234

v -236.798 125.104 59.3449
vt 0.52482 8.77061
f 349/850/234 325/852/234 350/853/234

vt 0.527626 8.77325
f 325/852/234 324/854/234 350/853/234

vt 0.528684 8.77442
f 324/854/234 323/855/234 350/853/234

v -237.59 126.136 59.3449
vt 0.525619 8.77327
f 351/856/234 350/853/234 323/855/234

vt 0.1065 8.95281
vn -0.707107 -0.707107 4.21513e-16
vt 0.1065 8.95589
vn -0.866025 -0.5 2.98055e-16
v -237.59 126.136 -437.227
vt 1.90571 8.95589
v -236.798 125.104 -437.227
vt 1.90571 8.95281
f 350/857/238 351/858/239 352/859/239 353/860/238 

v -238.087 127.338 59.3449
vt 0.1065 8.94683
vn -0.965926 -0.258819 1.54285e-16
v -238.087 127.338 -437.227
vt 1.90571 8.94683
f 351/858/239 354/861/240 355/862/240 352/859/239 

v -237.59 131.119 59.3449
vt 0.531275 8.77777
vt 0.526749 8.77544
f 351/856/234 356/863/234 354/864/234

v -236.798 132.152 59.3449
vt 0.532818 8.77698
f 357/865/234 356/863/234 351/856/234

vt 0.1065 9.1954
vn -0.866025 0.5 -2.98055e-16
vt 0.1065 9.18634
vn -0.707107 0.707107 -4.21513e-16
v -236.798 132.152 -437.227
vt 1.90571 9.18634
v -237.59 131.119 -437.227
vt 1.90571 9.1954
f 356/866/241 357/867/242 358/868/242 359/869/241 

vt 0.1065 9.17943
v -235.765 132.944 59.3449
vt 0.1065 9.1825
vn -0.5 0.866025 -5.16246e-16
v -235.765 132.944 -437.227
vt 1.90571 9.1825
vt 1.90571 9.17943
f 357/870/242 360/871/243 361/872/243 358/873/242 

vt 0.534202 8.77544
vt 0.531087 8.77503
f 360/874/234 357/865/234 321/875/234

vt 0.529865 8.77503
f 321/875/234 357/865/234 322/876/234

f 322/876/234 357/865/234 323/855/234

f 323/855/234 357/865/234 351/856/234

vt 0.532267 8.77442
f 320/877/234 360/874/234 321/875/234

vt 0.533325 8.77325
f 319/878/234 360/874/234 320/877/234

v -234.564 133.441 59.3449
vt 0.535332 8.77327
f 362/879/234 360/874/234 319/878/234

vt 0.1065 9.17344
vn -0.258819 0.965926 -5.75798e-16
v -234.564 133.441 -437.227
vt 1.90571 9.17344
f 360/871/243 362/880/244 363/881/244 361/872/243 

vt 0.1065 9.07414
v -233.274 133.611 59.3449
vt 0.1065 9.07721
vn 0 1 -5.9611e-16
v -233.274 133.611 -437.227
vt 1.90571 9.07721
vt 1.90571 9.07414
f 362/882/244 364/883/245 365/884/245 363/885/244 

vt 0.536131 8.77061
vt 0.534189 8.77159
f 364/886/234 362/879/234 318/887/234

f 318/887/234 362/879/234 319/878/234

vt 0.5348 8.76955
f 317/888/234 364/886/234 318/887/234

v -231.984 133.441 59.3449
vt 0.536545 8.76765
f 366/889/234 364/886/234 317/888/234

vt 0.536545 8.75859
vn 0.258819 0.965926 -5.75798e-16
v -231.984 133.441 -437.227
vt -1.26267 8.76765
vt -1.26267 8.75859
f 364/890/245 366/889/246 367/891/246 365/892/245 

v -230.782 132.944 59.3449
vt 0.536545 8.76457
vn 0.5 0.866025 -5.16246e-16
v -230.782 132.944 -437.227
vt -1.26267 8.76457
f 366/889/246 368/893/247 369/894/247 367/891/246 

vt 0.535116 8.76494
f 368/893/234 366/889/234 315/895/234

vt 0.535116 8.76728
f 315/895/234 366/889/234 316/896/234

f 316/896/234 366/889/234 317/888/234

f 314/823/234 368/893/234 315/895/234

f 337/822/234 368/893/234 314/823/234

vt 0.536545 8.94683
vt -1.26267 8.94683
f 368/897/247 337/826/235 340/829/235 369/898/247 

vn 0 2.54495e-16 -1
vt -1.26225 8.76161
vt -1.26145 8.75895
vt -1.26032 8.75678
v -228.29 128.628 -437.227
vt -1.25894 8.75524
v -228.46 127.338 -437.227
vt -1.2574 8.75444
v -228.958 126.136 -437.227
vt -1.2558 8.75444
v -229.75 125.104 -437.227
vt -1.25425 8.75524
v -230.782 124.312 -437.227
vt -1.25287 8.75678
v -231.984 123.814 -437.227
vt -1.25174 8.75895
v -233.274 123.644 -437.227
vt -1.25094 8.76161
v -234.564 123.814 -437.227
vt -1.25053 8.76457
v -235.765 124.312 -437.227
vt -1.25053 8.76765
vt -1.25094 8.77061
vt -1.25174 8.77327
vt -1.25287 8.77544
v -238.257 128.628 -437.227
vt -1.25425 8.77698
v -238.087 129.918 -437.227
vt -1.2558 8.77777
vt -1.2574 8.77777
vt -1.25894 8.77698
vt -1.26032 8.77544
vt -1.26145 8.77327
vt -1.26225 8.77061
f 369/894/248 340/899/248 339/900/248 342/901/248 370/902/248 371/903/248 372/904/248 373/905/248 374/906/248 375/907/248 376/908/248 377/909/248 378/910/248 353/911/248 352/912/248 355/913/248 379/914/248 380/915/248 359/916/248 358/917/248 361/918/248 363/919/248 365/920/248 367/891/248 

v -228.29 128.628 59.3449
vt 0.536545 9.10938
vn 1 2.2676e-15 -1.3663e-30
vt -1.26267 9.10938
f 341/831/237 381/921/249 370/922/249 342/832/237 

vt 0.532818 8.75524
v -228.46 127.338 59.3449
vt 0.531275 8.75444
f 381/923/234 341/834/234 382/924/234

f 382/924/234 341/834/234 343/835/234

vt 0.536545 9.1954
vn 0.965926 -0.258819 1.54285e-16
vt 0.536545 9.19233
vn 0.866025 -0.5 2.98055e-16
vt -1.26267 9.19233
vt -1.26267 9.1954
f 382/925/250 343/926/251 372/927/251 371/928/250 

vt 0.536545 9.20139
vn 0.707107 -0.707107 4.21513e-16
vt -1.26267 9.20139
f 343/926/251 344/929/252 373/930/252 372/927/251 

vt 0.536545 9.1825
vt 0.536545 9.17943
vn 0.5 -0.866025 5.16246e-16
vt -1.26267 9.17943
vt -1.26267 9.1825
f 344/931/252 345/932/253 374/933/253 373/934/252 

vt 0.536545 9.18849
vn 0.258819 -0.965926 5.75798e-16
vt -1.26267 9.18849
f 345/932/253 346/935/254 375/936/254 374/933/253 

vt 0.536545 9.07721
vt 0.536545 9.07414
vn 0 -1 5.9611e-16
vt -1.26267 9.07414
vt -1.26267 9.07721
f 346/937/254 347/938/255 376/939/255 375/940/254 

vt 0.536545 9.0832
vn -0.258819 -0.965926 5.75798e-16
vt -1.26267 9.0832
f 347/938/255 348/941/256 377/942/256 376/939/255 

vt 0.1065 8.76457
vt 0.1065 8.76765
vn -0.5 -0.866025 5.16246e-16
vt 1.90571 8.76765
vt 1.90571 8.76457
f 348/943/256 349/944/257 378/945/257 377/946/256 

vt 0.1065 8.75859
vt 1.90571 8.75859
f 349/944/257 350/947/238 353/948/238 378/945/257 

vt 0.536545 9.11844
vt -1.26267 9.11844
f 381/921/249 382/949/250 371/950/250 370/922/249 

vt 0.1065 9.10938
v -238.257 128.628 59.3449
vt 0.1065 9.11246
vt 1.90571 9.11246
vt 1.90571 9.10938
f 354/951/240 383/952/28 379/953/28 355/954/240 

vt 0.528133 8.77698
v -238.087 129.918 59.3449
vt 0.529677 8.77777
f 383/955/234 354/864/234 384/956/234

f 356/863/234 384/956/234 354/864/234

vt 0.1065 9.19233
vn -0.965926 0.258819 -1.54285e-16
vt 1.90571 9.19233
f 384/957/258 356/866/241 359/869/241 380/958/258 

vt 0.1065 9.20139
vt 1.90571 9.20139
f 383/959/28 384/957/258 380/958/258 379/960/28 

g Mesh3 Component_2_1 Coffe_Table Model

v -276.233 340 -460.205
vt 1.88245e-13 0.932049
vn 0.5 -5.87234e-32 -0.866025
v -276.233 3 -460.205
vt 1 0.932049
v -279.915 3 -461.731
vt 1 0.942975
vn 0.258819 -6.23049e-32 -0.965926
v -279.915 340 -461.731
vt 1.88197e-13 0.942975
f 385/961/259 386/962/259 387/963/260 388/964/260 

v -273.072 340 -457.779
vt 1.80175e-13 0.922667
vn 0.707107 1.2617e-19 -0.707107
v -273.072 3 -457.779
vt 1 0.922667
vt 1.80495e-13 0.932049
f 389/965/261 390/966/261 386/962/259 385/967/259 

v -270.645 340 -454.618
vt 1.7978e-13 0.0679507
vn 0.866025 1.8703e-19 -0.5
v -270.645 3 -454.618
vt 1 0.0679507
vt 1 0.0773328
vt 1.79322e-13 0.0773328
f 391/968/262 392/969/262 390/970/261 389/971/261 

v -269.12 340 -450.936
vt 1.7876e-13 0.0570251
vn 0.965926 2.14413e-20 -0.258819
v -269.12 3 -450.936
vt 1 0.0570251
vt 1.78857e-13 0.0679507
f 393/972/263 394/973/263 392/969/262 391/974/262 

v -268.6 340 -446.985
vt 1.81279e-13 0.0453005
vn 1 -7.88366e-20 -0
v -268.6 3 -446.985
vt 1 0.0453005
vt 1.81549e-13 0.0570251
f 395/975/264 396/976/264 394/973/263 393/977/263 

v -269.12 340 -443.033
vt 1.81306e-13 0.0335759
vn 0.965926 -1.00278e-19 0.258819
v -269.12 3 -443.033
vt 1 0.0335759
vt 1.81223e-13 0.0453005
f 397/978/265 398/979/265 396/976/264 395/980/264 

v -270.645 340 -439.351
vt 1.79648e-13 0.0226502
vn 0.866025 -1.8703e-19 0.5
v -270.645 3 -439.351
vt 1 0.0226502
vt 1.79266e-13 0.0335759
f 399/981/266 400/982/266 398/979/265 397/983/265 

v -273.072 340 -436.19
vt 1.81175e-13 0.0132682
vn 0.707107 -1.2617e-19 0.707107
v -273.072 3 -436.19
vt 1 0.0132682
vt 1.81417e-13 0.0226502
f 401/984/267 402/985/267 400/982/266 399/986/266 

v -276.233 340 -433.764
vt 1.84082e-13 0.0679507
vn 0.5 1.0972e-32 0.866025
v -276.233 3 -433.764
vt 1.84248e-13 0.0773328
f 403/987/268 404/969/268 402/970/267 401/988/267 

v -279.915 340 -432.238
vt 1.79391e-13 0.0570251
vn 0.258819 2.88973e-32 0.965926
v -279.915 3 -432.238
vt 1.79183e-13 0.0679507
f 405/989/269 406/973/269 404/969/268 403/990/268 

v -283.866 340 -431.718
vt 1.83929e-13 0.0453005
v -283.866 3 -431.718
vt 1.83915e-13 0.0570251
f 407/991/130 408/976/130 406/973/269 405/992/269 

v -287.818 340 -432.238
vt 1.81785e-13 0.0335759
vn -0.258819 -6.23049e-32 0.965926
v -287.818 3 -432.238
vt 1.82007e-13 0.0453005
f 409/993/270 410/979/270 408/976/130 407/994/130 

v -291.5 340 -433.764
vt 1.81334e-13 0.0226502
vn -0.5 -4.43795e-32 0.866025
v -291.5 3 -433.764
vt 1.81515e-13 0.0335759
f 411/995/271 412/982/271 410/979/270 409/996/270 

v -294.661 340 -436.19
vt 1.81362e-13 0.0132682
vn -0.707107 1.2617e-19 0.707107
v -294.661 3 -436.19
vt 1.81702e-13 0.0226502
f 413/997/272 414/985/272 412/982/271 411/998/271 

v -297.087 340 -439.351
vt 1.71946e-13 0.97735
vn -0.866025 1.8703e-19 0.5
v -297.087 3 -439.351
vt 1 0.97735
vt 1 0.986732
vt 1.7198e-13 0.986732
f 415/999/273 416/1000/273 414/1001/272 413/1002/272 

v -298.613 340 -443.033
vt 1.80453e-13 0.966424
vn -0.965926 1.00278e-19 0.258819
v -298.613 3 -443.033
vt 1 0.966424
vt 1.80272e-13 0.97735
f 417/1003/274 418/1004/274 416/1000/273 415/1005/273 

v -299.133 340 -446.985
vt 1.85768e-13 0.9547
v -299.133 3 -446.985
vt 1 0.9547
vt 1.85997e-13 0.966424
f 419/1006/28 420/1007/28 418/1004/274 417/1008/274 

v -298.613 340 -450.936
vt 2.16341e-13 0.942975
vn -0.965926 -1.00278e-19 -0.258819
v -298.613 3 -450.936
vt 2.16042e-13 0.9547
f 421/1009/275 422/963/275 420/1007/28 419/1010/28 

v -297.087 340 -454.618
vt 1.83568e-13 0.932049
vn -0.866025 -1.8703e-19 -0.5
v -297.087 3 -454.618
vt 1.83402e-13 0.942975
f 423/1011/276 424/962/276 422/963/275 421/1012/275 

v -294.661 340 -457.779
vt 1.91645e-13 0.922667
vn -0.707107 -1.2617e-19 -0.707107
v -294.661 3 -457.779
vt 1.91618e-13 0.932049
f 425/1013/277 426/966/277 424/962/276 423/1014/276 

v -291.5 340 -460.205
vt 1.92096e-13 0.97735
vn -0.5 -3.37191e-33 -0.866025
v -291.5 3 -460.205
vt 1.92096e-13 0.986732
f 427/1015/278 428/1000/278 426/1001/277 425/1016/277 

v -287.818 340 -461.731
vt 1.70815e-13 0.966424
vn -0.258819 2.88973e-32 -0.965926
v -287.818 3 -461.731
vt 1.70787e-13 0.97735
f 429/1017/279 430/1004/279 428/1000/278 427/1018/278 

v -283.866 340 -462.251
vt 2.01394e-13 0.9547
v -283.866 3 -462.251
vt 2.02026e-13 0.966424
f 431/1019/233 432/1007/233 430/1004/279 429/1020/279 

vt 1.35496e-13 0.942975
vt 1.35295e-13 0.9547
f 388/1021/260 387/963/260 432/1007/233 431/1022/233 

vt 0.0289512 0.0763933
v -280.448 3 -459.741
vt 0.0284182 0.0725702
vt 0.025 0.0773931
f 387/1023/134 433/1024/134 432/1025/134

v -277.263 3 -458.422
vt 0.0316035 0.0700343
f 434/1026/134 433/1024/134 387/1023/134

usemtl Coffee_Table_Black
vt -0.464805 12.4803
vn 0.258819 0 -0.965926
vt -0.600542 12.4803
v -277.263 3.97904e-13 -458.422
vt -0.600542 12.5984
v -280.448 3.97904e-13 -459.741
vt -0.464805 12.5984
f 433/1027/280 434/1028/95 435/1029/95 436/1030/280 

vt -0.113817 12.4803
v -274.528 3 -456.323
vt -0.249553 12.4803
vn 0.707107 0 -0.707107
v -274.528 3.97904e-13 -456.323
vt -0.249553 12.5984
vt -0.113817 12.5984
f 434/1031/95 437/1032/281 438/1033/281 435/1034/95 

usemtl Coffe_Table_Wood
vt 0.0343387 0.0660002
vt 0.0326331 0.073462
f 437/1035/134 434/1026/134 386/1036/134

f 386/1036/134 434/1026/134 387/1023/134

vt 0.0357949 0.068799
f 390/1037/134 437/1035/134 386/1036/134

v -272.429 3 -453.588
vt 0.0364376 0.060743
f 439/1038/134 437/1035/134 390/1037/134

usemtl Coffee_Table_Black
vt 0.249553 12.4803
vt 0.113817 12.4803
v -272.429 3.97904e-13 -453.588
vt 0.113817 12.5984
vt 0.249553 12.5984
f 437/1039/281 439/1040/87 440/1041/87 438/1042/281 

vt 0.600542 12.4803
v -271.109 3 -450.403
vt 0.464805 12.4803
vn 0.965926 0 -0.258819
v -271.109 3.97904e-13 -450.403
vt 0.464805 12.5984
vt 0.600542 12.5984
f 439/1043/87 441/1044/282 442/1045/282 440/1046/87 

usemtl Coffe_Table_Wood
vt 0.037757 0.0546208
vt 0.038221 0.062722
f 441/1047/134 439/1038/134 392/1048/134

f 392/1048/134 439/1038/134 390/1037/134

v -270.659 3 -446.985
vt 0.038207 0.0480508
f 443/1049/134 441/1047/134 392/1048/134

usemtl Coffee_Table_Black
vt 0.915229 12.4803
vt 0.779492 12.4803
vn 1 0 -3.4014e-15
v -270.659 3.97904e-13 -446.985
vt 0.779492 12.5984
vt 0.915229 12.5984
f 441/1050/282 443/1051/283 444/1052/283 442/1053/282 

vt 1.17217 12.4803
v -271.109 3 -443.566
vt 1.03643 12.4803
v -271.109 3.97904e-13 -443.566
vt 1.03643 12.5984
vt 1.17217 12.5984
f 443/1054/283 445/1055/73 446/1056/73 444/1057/283 

usemtl Coffe_Table_Wood
vt 0.038221 0.0333797
vt 0.037757 0.0414809
f 443/1049/134 400/1058/134 445/1059/134

f 400/1058/134 443/1049/134 392/1048/134

vt 0.0397461 0.0404565
f 398/1060/134 400/1058/134 392/1048/134

vt 0.0397461 0.0556452
f 394/1061/134 398/1060/134 392/1048/134

vt 0.0402663 0.0480508
f 396/1062/134 398/1060/134 394/1061/134

v -272.429 3 -440.381
vt 0.0364376 0.0353587
f 445/1059/134 400/1058/134 447/1063/134

vt 0.0357949 0.0273027
f 400/1058/134 402/1064/134 447/1063/134

v -274.528 3 -437.646
vt 0.0343387 0.0301015
f 447/1063/134 402/1064/134 448/1065/134

vt 0.0326331 0.0226397
f 402/1064/134 404/1066/134 448/1065/134

v -277.263 3 -435.547
vt 0.0316035 0.0260674
f 448/1065/134 404/1066/134 449/1067/134

vt 0.0289512 0.0197084
f 404/1066/134 406/1068/134 449/1067/134

v -280.448 3 -434.228
vt 0.0284182 0.0235315
f 449/1067/134 406/1068/134 450/1069/134

v -283.866 3 -433.778
vt 0.025 0.0226666
f 450/1069/134 406/1068/134 451/1070/134

vt 0.025 0.0187086
f 406/1068/134 408/1071/134 451/1070/134

v -287.285 3 -434.228
vt 0.0215818 0.0235315
f 451/1070/134 408/1071/134 452/1072/134

vt 0.0210488 0.0197084
f 408/1071/134 410/1073/134 452/1072/134

v -290.47 3 -435.547
vt 0.0183965 0.0260674
f 452/1072/134 410/1073/134 453/1074/134

vt 0.0173669 0.0226397
f 410/1073/134 412/1075/134 453/1074/134

v -293.205 3 -437.646
vt 0.0156613 0.0301015
f 453/1074/134 412/1075/134 454/1076/134

vt 0.0142051 0.0273027
f 412/1075/134 414/1077/134 454/1076/134

v -295.304 3 -440.381
vt 0.0135624 0.0353587
f 454/1076/134 414/1077/134 455/1078/134

v -296.623 3 -443.566
vt 0.012243 0.0414809
f 455/1078/134 414/1077/134 456/1079/134

vt 0.011779 0.0333797
f 414/1077/134 416/1080/134 456/1079/134

v -297.073 3 -446.985
vt 0.011793 0.0480508
f 456/1079/134 416/1080/134 457/1081/134

vt 0.011779 0.062722
f 457/1081/134 416/1080/134 424/1082/134

vt 0.0102539 0.0556452
f 424/1082/134 416/1080/134 422/1083/134

vt 0.0102539 0.0404565
f 416/1080/134 418/1084/134 422/1083/134

vt 0.00973373 0.0480508
f 420/1085/134 422/1083/134 418/1084/134

v -296.623 3 -450.403
vt 0.012243 0.0546208
f 457/1081/134 424/1082/134 458/1086/134

vt 0.0142051 0.068799
f 426/1087/134 458/1086/134 424/1082/134

v -295.304 3 -453.588
vt 0.0135624 0.060743
f 459/1088/134 458/1086/134 426/1087/134

usemtl Coffee_Table_Black
vt -1.21812 12.4803
vn -0.965926 0 -0.258819
vt -1.35386 12.4803
vn -0.866025 0 -0.5
v -295.304 3.97904e-13 -453.588
vt -1.35386 12.5984
v -296.623 3.97904e-13 -450.403
vt -1.21812 12.5984
f 458/1089/284 459/1090/285 460/1091/285 461/1092/284 

vt -1.31217 12.4803
v -293.205 3 -456.323
vt -1.4479 12.4803
vn -0.707107 0 -0.707107
v -293.205 3.97904e-13 -456.323
vt -1.4479 12.5984
vt -1.31217 12.5984
f 459/1093/285 462/1094/286 463/1095/286 460/1096/285 

usemtl Coffe_Table_Wood
vt 0.0156613 0.0660002
f 462/1097/134 459/1088/134 426/1087/134

vt 0.0173669 0.073462
f 428/1098/134 462/1097/134 426/1087/134

v -290.47 3 -458.422
vt 0.0183965 0.0700343
f 464/1099/134 462/1097/134 428/1098/134

usemtl Coffee_Table_Black
vn -0.5 0 -0.866025
v -290.47 3.97904e-13 -458.422
f 462/1093/286 464/1094/287 465/1095/287 463/1096/286 

v -287.285 3 -459.741
vn -0.258819 0 -0.965926
v -287.285 3.97904e-13 -459.741
f 464/1089/287 466/1090/288 467/1091/288 465/1092/287 

usemtl Coffe_Table_Wood
vt 0.0215818 0.0725702
vt 0.0210488 0.0763933
f 466/1100/134 464/1099/134 430/1101/134

f 430/1101/134 464/1099/134 428/1098/134

f 432/1025/134 466/1100/134 430/1101/134

v -283.866 3 -460.192
vt 0.025 0.0734351
f 468/1102/134 466/1100/134 432/1025/134

usemtl Coffee_Table_Black
vt -1.03643 12.4803
vt -1.17217 12.4803
v -283.866 3.97904e-13 -460.192
vt -1.17217 12.5984
vt -1.03643 12.5984
f 466/1103/288 468/1104/233 469/1105/233 467/1106/288 

vt -0.779492 12.4803
vt -0.915229 12.4803
vt -0.915229 12.5984
vt -0.779492 12.5984
f 468/1107/233 433/1108/280 436/1109/280 469/1110/233 

usemtl Coffe_Table_Wood
f 433/1024/134 468/1102/134 432/1025/134

v -272.429 3.97904e-13 -440.381
v -274.528 3.97904e-13 -437.646
v -277.263 3.97904e-13 -435.547
v -280.448 3.97904e-13 -434.228
v -283.866 3.97904e-13 -433.778
v -287.285 3.97904e-13 -434.228
v -290.47 3.97904e-13 -435.547
v -293.205 3.97904e-13 -437.646
v -295.304 3.97904e-13 -440.381
v -296.623 3.97904e-13 -443.566
v -297.073 3.97904e-13 -446.985
f 446/1059/134 470/1063/134 471/1065/134 472/1067/134 473/1069/134 474/1070/134 475/1072/134 476/1074/134 477/1076/134 478/1078/134 479/1079/134 480/1081/134 461/1086/134 460/1088/134 463/1097/134 465/1099/134 467/1100/134 469/1102/134 436/1024/134 435/1026/134 438/1035/134 440/1038/134 442/1047/134 444/1049/134 

usemtl Coffee_Table_Black
vt 1.35386 12.4803
vt 1.21812 12.4803
vt 1.21812 12.5984
vt 1.35386 12.5984
f 445/1111/73 447/1112/69 470/1113/69 446/1114/73 

vt 1.4479 12.4803
vt 1.31217 12.4803
vt 1.31217 12.5984
vt 1.4479 12.5984
f 447/1115/69 448/1116/65 471/1117/65 470/1118/69 

f 448/1115/65 449/1116/61 472/1117/61 471/1118/65 

f 449/1111/61 450/1112/57 473/1113/57 472/1114/61 

f 450/1054/57 451/1055/130 474/1056/130 473/1057/57 

vn -0.258819 -0 0.965926
f 451/1050/130 452/1051/289 475/1052/289 474/1053/130 

vn -0.5 -0 0.866025
f 452/1043/289 453/1044/290 476/1045/290 475/1046/289 

f 453/1039/290 454/1040/39 477/1041/39 476/1042/290 

vn -0.866025 -0 0.5
f 454/1031/39 455/1032/291 478/1033/291 477/1034/39 

vn -0.965926 -0 0.258819
f 455/1027/291 456/1028/292 479/1029/292 478/1030/291 

vn -1 0 -1.39975e-17
f 456/1107/292 457/1108/293 480/1109/293 479/1110/292 

f 457/1103/293 458/1104/284 461/1105/284 480/1106/293 

usemtl Coffe_Table_Wood
vt -0.0289512 0.0763933
vt -0.025 0.0773931
vt -0.0210488 0.0763933
vt -0.0173669 0.073462
vt -0.0142051 0.068799
vt -0.011779 0.062722
vt -0.0102539 0.0556452
vt -0.00973373 0.0480508
vt -0.0102539 0.0404565
vt -0.011779 0.0333797
vt -0.0142051 0.0273027
vt -0.0173669 0.0226397
vt -0.0210488 0.0197084
vt -0.025 0.0187086
vt -0.0289512 0.0197084
vt -0.0326331 0.0226397
vt -0.0357949 0.0273027
vt -0.038221 0.0333797
vt -0.0397461 0.0404565
vt -0.0402663 0.0480508
vt -0.0397461 0.0556452
vt -0.038221 0.062722
vt -0.0357949 0.068799
vt -0.0326331 0.073462
f 388/1119/2 431/1120/2 429/1121/2 427/1122/2 425/1123/2 423/1124/2 421/1125/2 419/1126/2 417/1127/2 415/1128/2 413/1129/2 411/1130/2 409/1131/2 407/1132/2 405/1133/2 403/1134/2 401/1135/2 399/1136/2 397/1137/2 395/1138/2 393/1139/2 391/1140/2 389/1141/2 385/1142/2 

g Mesh4 Component_2_2 Coffe_Table Model

v -277.381 340 48.8527
v -277.381 3 48.8527
v -281.063 3 47.3276
v -281.063 340 47.3276
f 481/961/259 482/962/259 483/963/260 484/964/260 

v -274.22 340 51.2788
v -274.22 3 51.2788
f 485/965/261 486/966/261 482/962/259 481/967/259 

v -271.794 340 54.4405
v -271.794 3 54.4405
f 487/968/262 488/969/262 486/970/261 485/971/261 

v -270.269 340 58.1225
v -270.269 3 58.1225
f 489/972/263 490/973/263 488/969/262 487/974/262 

v -269.748 340 62.0737
v -269.748 3 62.0737
f 491/975/264 492/976/264 490/973/263 489/977/263 

v -270.269 340 66.0249
v -270.269 3 66.0249
f 493/978/265 494/979/265 492/976/264 491/980/264 

v -271.794 340 69.7068
v -271.794 3 69.7068
f 495/981/266 496/982/266 494/979/265 493/983/265 

v -274.22 340 72.8685
v -274.22 3 72.8685
f 497/984/267 498/985/267 496/982/266 495/986/266 

v -277.381 340 75.2946
v -277.381 3 75.2946
f 499/987/268 500/969/268 498/970/267 497/988/267 

v -281.063 340 76.8197
v -281.063 3 76.8197
f 501/989/269 502/973/269 500/969/268 499/990/268 

v -285.015 340 77.3399
v -285.015 3 77.3399
f 503/991/130 504/976/130 502/973/269 501/992/269 

v -288.966 340 76.8197
v -288.966 3 76.8197
f 505/993/270 506/979/270 504/976/130 503/994/130 

v -292.648 340 75.2946
v -292.648 3 75.2946
f 507/995/271 508/982/271 506/979/270 505/996/270 

v -295.809 340 72.8685
v -295.809 3 72.8685
f 509/997/272 510/985/272 508/982/271 507/998/271 

v -298.236 340 69.7068
v -298.236 3 69.7068
f 511/999/273 512/1000/273 510/1001/272 509/1002/272 

v -299.761 340 66.0249
v -299.761 3 66.0249
f 513/1003/274 514/1004/274 512/1000/273 511/1005/273 

v -300.281 340 62.0737
v -300.281 3 62.0737
f 515/1006/28 516/1007/28 514/1004/274 513/1008/274 

v -299.761 340 58.1225
v -299.761 3 58.1225
f 517/1009/275 518/963/275 516/1007/28 515/1010/28 

v -298.236 340 54.4405
v -298.236 3 54.4405
f 519/1011/276 520/962/276 518/963/275 517/1012/275 

v -295.809 340 51.2788
v -295.809 3 51.2788
f 521/1013/277 522/966/277 520/962/276 519/1014/276 

v -292.648 340 48.8527
v -292.648 3 48.8527
f 523/1015/278 524/1000/278 522/1001/277 521/1016/277 

v -288.966 340 47.3276
v -288.966 3 47.3276
f 525/1017/279 526/1004/279 524/1000/278 523/1018/278 

v -285.015 340 46.8074
v -285.015 3 46.8074
f 527/1019/233 528/1007/233 526/1004/279 525/1020/279 

f 484/1021/260 483/963/260 528/1007/233 527/1022/233 

v -281.596 3 49.3167
f 483/1023/134 529/1024/134 528/1025/134

v -278.411 3 50.6361
f 530/1026/134 529/1024/134 483/1023/134

usemtl Coffee_Table_Black
v -278.411 3.41061e-13 50.6361
v -281.596 3.41061e-13 49.3167
f 529/1027/280 530/1028/95 531/1029/95 532/1030/280 

v -275.676 3 52.7349
v -275.676 3.41061e-13 52.7349
f 530/1031/95 533/1032/281 534/1033/281 531/1034/95 

usemtl Coffe_Table_Wood
f 533/1035/134 530/1026/134 482/1036/134

f 482/1036/134 530/1026/134 483/1023/134

f 486/1037/134 533/1035/134 482/1036/134

v -273.577 3 55.4702
f 535/1038/134 533/1035/134 486/1037/134

usemtl Coffee_Table_Black
v -273.577 3.41061e-13 55.4702
f 533/1039/281 535/1040/87 536/1041/87 534/1042/281 

v -272.258 3 58.6554
v -272.258 3.41061e-13 58.6554
f 535/1043/87 537/1044/282 538/1045/282 536/1046/87 

usemtl Coffe_Table_Wood
f 537/1047/134 535/1038/134 488/1048/134

f 488/1048/134 535/1038/134 486/1037/134

v -271.808 3 62.0737
f 539/1049/134 537/1047/134 488/1048/134

usemtl Coffee_Table_Black
v -271.808 3.41061e-13 62.0737
f 537/1050/282 539/1051/283 540/1052/283 538/1053/282 

v -272.258 3 65.4919
v -272.258 3.41061e-13 65.4919
f 539/1054/283 541/1055/73 542/1056/73 540/1057/283 

usemtl Coffe_Table_Wood
f 539/1049/134 496/1058/134 541/1059/134

f 496/1058/134 539/1049/134 488/1048/134

f 494/1060/134 496/1058/134 488/1048/134

f 490/1061/134 494/1060/134 488/1048/134

f 492/1062/134 494/1060/134 490/1061/134

v -273.577 3 68.6772
f 541/1059/134 496/1058/134 543/1063/134

f 496/1058/134 498/1064/134 543/1063/134

v -275.676 3 71.4124
f 543/1063/134 498/1064/134 544/1065/134

f 498/1064/134 500/1066/134 544/1065/134

v -278.411 3 73.5112
f 544/1065/134 500/1066/134 545/1067/134

f 500/1066/134 502/1068/134 545/1067/134

v -281.596 3 74.8306
f 545/1067/134 502/1068/134 546/1069/134

v -285.015 3 75.2806
f 546/1069/134 502/1068/134 547/1070/134

f 502/1068/134 504/1071/134 547/1070/134

v -288.433 3 74.8306
f 547/1070/134 504/1071/134 548/1072/134

f 504/1071/134 506/1073/134 548/1072/134

v -291.618 3 73.5112
f 548/1072/134 506/1073/134 549/1074/134

f 506/1073/134 508/1075/134 549/1074/134

v -294.353 3 71.4124
f 549/1074/134 508/1075/134 550/1076/134

f 508/1075/134 510/1077/134 550/1076/134

v -296.452 3 68.6772
f 550/1076/134 510/1077/134 551/1078/134

v -297.772 3 65.4919
f 551/1078/134 510/1077/134 552/1079/134

f 510/1077/134 512/1080/134 552/1079/134

v -298.222 3 62.0737
f 552/1079/134 512/1080/134 553/1081/134

f 553/1081/134 512/1080/134 520/1082/134

f 520/1082/134 512/1080/134 518/1083/134

f 512/1080/134 514/1084/134 518/1083/134

f 516/1085/134 518/1083/134 514/1084/134

v -297.772 3 58.6554
f 553/1081/134 520/1082/134 554/1086/134

f 522/1087/134 554/1086/134 520/1082/134

v -296.452 3 55.4702
f 555/1088/134 554/1086/134 522/1087/134

usemtl Coffee_Table_Black
v -296.452 3.41061e-13 55.4702
v -297.772 3.41061e-13 58.6554
f 554/1089/284 555/1090/285 556/1091/285 557/1092/284 

v -294.353 3 52.7349
v -294.353 3.41061e-13 52.7349
f 555/1093/285 558/1094/286 559/1095/286 556/1096/285 

usemtl Coffe_Table_Wood
f 558/1097/134 555/1088/134 522/1087/134

f 524/1098/134 558/1097/134 522/1087/134

v -291.618 3 50.6361
f 560/1099/134 558/1097/134 524/1098/134

usemtl Coffee_Table_Black
v -291.618 3.41061e-13 50.6361
f 558/1093/286 560/1094/287 561/1095/287 559/1096/286 

v -288.433 3 49.3167
v -288.433 3.41061e-13 49.3167
f 560/1089/287 562/1090/288 563/1091/288 561/1092/287 

usemtl Coffe_Table_Wood
f 562/1100/134 560/1099/134 526/1101/134

f 526/1101/134 560/1099/134 524/1098/134

f 528/1025/134 562/1100/134 526/1101/134

v -285.015 3 48.8667
f 564/1102/134 562/1100/134 528/1025/134

usemtl Coffee_Table_Black
v -285.015 3.41061e-13 48.8667
f 562/1103/288 564/1104/233 565/1105/233 563/1106/288 

f 564/1107/233 529/1108/280 532/1109/280 565/1110/233 

usemtl Coffe_Table_Wood
f 529/1024/134 564/1102/134 528/1025/134

v -273.577 3.41061e-13 68.6772
v -275.676 3.41061e-13 71.4124
v -278.411 3.41061e-13 73.5112
v -281.596 3.41061e-13 74.8306
v -285.015 3.41061e-13 75.2806
v -288.433 3.41061e-13 74.8306
v -291.618 3.41061e-13 73.5112
v -294.353 3.41061e-13 71.4124
v -296.452 3.41061e-13 68.6772
v -297.772 3.41061e-13 65.4919
v -298.222 3.41061e-13 62.0737
f 542/1059/134 566/1063/134 567/1065/134 568/1067/134 569/1069/134 570/1070/134 571/1072/134 572/1074/134 573/1076/134 574/1078/134 575/1079/134 576/1081/134 557/1086/134 556/1088/134 559/1097/134 561/1099/134 563/1100/134 565/1102/134 532/1024/134 531/1026/134 534/1035/134 536/1038/134 538/1047/134 540/1049/134 

usemtl Coffee_Table_Black
f 541/1111/73 543/1112/69 566/1113/69 542/1114/73 

f 543/1115/69 544/1116/65 567/1117/65 566/1118/69 

f 544/1115/65 545/1116/61 568/1117/61 567/1118/65 

f 545/1111/61 546/1112/57 569/1113/57 568/1114/61 

f 546/1054/57 547/1055/130 570/1056/130 569/1057/57 

f 547/1050/130 548/1051/289 571/1052/289 570/1053/130 

f 548/1043/289 549/1044/290 572/1045/290 571/1046/289 

f 549/1039/290 550/1040/39 573/1041/39 572/1042/290 

f 550/1031/39 551/1032/291 574/1033/291 573/1034/39 

f 551/1027/291 552/1028/292 575/1029/292 574/1030/291 

f 552/1107/292 553/1108/293 576/1109/293 575/1110/292 

f 553/1103/293 554/1104/284 557/1105/284 576/1106/293 

usemtl Coffe_Table_Wood
f 484/1119/2 527/1120/2 525/1121/2 523/1122/2 521/1123/2 519/1124/2 517/1125/2 515/1126/2 513/1127/2 511/1128/2 509/1129/2 507/1130/2 505/1131/2 503/1132/2 501/1133/2 499/1134/2 497/1135/2 495/1136/2 493/1137/2 491/1138/2 489/1139/2 487/1140/2 485/1141/2 481/1142/2 

g Mesh5 Component_3_1 Coffe_Table Model

v -281.468 340 -198.048
vt -0.025 0.807254
vn -0 1 -0
v -281.468 340 -182.048
vt -0.009 0.807254
v 755.532 340 -182.048
vt -0.009 0
v 755.532 340 -198.048
vt -0.025 0
f 577/1143/294 578/1144/294 579/1145/294 580/1146/294 

v -281.468 290 -198.048
vt -0.025 0.057661
vn -1 -0 3.82857e-16
v -281.468 290 -182.048
vt -0.009 0.057661
vt -0.009 -0.0384407
vt -0.025 -0.0384407
f 581/1147/295 582/1148/295 578/1149/295 577/1150/295 

vt 0.009 0.807254
vt 0.025 0.807254
v 755.532 290 -198.048
vt 0.025 0
v 755.532 290 -182.048
vt 0.009 0
f 582/1151/134 581/1152/134 583/1153/134 584/1154/134 

vt -5.58463 0.552099
vn -3.82857e-16 0 -1
vt -4.54763 0.552099
vt -4.54763 0.648201
vt -5.58463 0.648201
f 583/1155/296 581/1156/296 577/1157/296 580/1158/296 

vt 0.009 0.057661
vn 1 0 -3.82857e-16
vt 0.025 0.057661
vt 0.025 -0.0384407
vt 0.009 -0.0384407
f 584/1159/297 583/1160/297 580/1161/297 579/1162/297 

vt -1.53612 0.35739
vn 3.82857e-16 -0 1
vt -1.03014 0.35739
vt -1.03014 0.453492
vt -1.53612 0.453492
f 582/1163/298 584/1164/298 579/1165/298 578/1166/298 

g Mesh6 Component_4_1 Coffe_Table Model

v 756.204 136.586 -452.137
vt 0.0274551 0.0527697
vn 1 1.92084e-16 -0
v 756.204 138.261 -449.954
vt 0.0291306 0.0485728
v 756.204 139.315 -447.411
vt 0.0301839 0.0436855
v 756.204 139.674 -444.682
vt 0.0305431 0.0384407
v 756.204 139.315 -441.953
vt 0.0301839 0.0331959
v 756.204 138.261 -439.411
vt 0.0291306 0.0283085
v 756.204 136.586 -437.227
vt 0.0274551 0.0241117
v 756.204 134.402 -435.551
vt 0.0252716 0.0208913
v 756.204 131.859 -434.498
vt 0.0227288 0.0188669
v 756.204 129.131 -434.139
vt 0.02 0.0181764
v 756.204 126.402 -434.498
vt 0.0172712 0.0188669
v 756.204 123.859 -435.551
vt 0.0147284 0.0208913
v 756.204 121.676 -437.227
vt 0.0125449 0.0241117
v 756.204 120 -439.411
vt 0.0108694 0.0283085
v 756.204 118.947 -441.953
vt 0.00981612 0.0331959
v 756.204 118.587 -444.682
vt 0.00945687 0.0384407
v 756.204 118.947 -447.411
vt 0.00981612 0.0436855
v 756.204 120 -449.954
vt 0.0108694 0.0485728
v 756.204 121.676 -452.137
vt 0.0125449 0.0527697
v 756.204 123.859 -453.813
vt 0.0147284 0.05599
v 756.204 126.402 -454.866
vt 0.0172712 0.0580144
v 756.204 129.131 -455.225
vt 0.02 0.0587049
v 756.204 131.859 -454.866
vt 0.0227288 0.0580144
v 756.204 134.402 -453.813
vt 0.0252716 0.05599
f 585/1167/299 586/1168/299 587/1169/299 588/1170/299 589/1171/299 590/1172/299 591/1173/299 592/1174/299 593/1175/299 594/1176/299 595/1177/299 596/1178/299 597/1179/299 598/1180/299 599/1181/299 600/1182/299 601/1183/299 602/1184/299 603/1185/299 604/1186/299 605/1187/299 606/1188/299 607/1189/299 608/1190/299 

v -275.783 136.586 -452.137
vt 1.0089 9.0398
vn 2.90439e-16 0.707107 -0.707107
v -275.783 138.261 -449.954
vt 1.0089 9.0333
vn 3.55714e-16 0.866025 -0.5
vt -2.02978 9.0333
vt -2.02978 9.0398
f 609/1191/300 610/1192/301 586/1193/301 585/1194/300 

v -275.783 129.131 -455.225
vt -0.02 0.0587049
vn -1 -1.92084e-16 -0
v -275.783 126.402 -454.866
vt -0.0172712 0.0580144
v -275.783 123.859 -453.813
vt -0.0147284 0.05599
v -275.783 121.676 -452.137
vt -0.0125449 0.0527697
v -275.783 120 -449.954
vt -0.0108694 0.0485728
v -275.783 118.947 -447.411
vt -0.00981612 0.0436855
v -275.783 118.587 -444.682
vt -0.00945687 0.0384407
v -275.783 118.947 -441.953
vt -0.00981612 0.0331959
v -275.783 120 -439.411
vt -0.0108694 0.0283085
v -275.783 121.676 -437.227
vt -0.0125449 0.0241117
v -275.783 123.859 -435.551
vt -0.0147284 0.0208913
v -275.783 126.402 -434.498
vt -0.0172712 0.0188669
v -275.783 129.131 -434.139
vt -0.02 0.0181764
v -275.783 131.859 -434.498
vt -0.0227288 0.0188669
v -275.783 134.402 -435.551
vt -0.0252716 0.0208913
v -275.783 136.586 -437.227
vt -0.0274551 0.0241117
v -275.783 138.261 -439.411
vt -0.0291306 0.0283085
v -275.783 139.315 -441.953
vt -0.0301839 0.0331959
v -275.783 139.674 -444.682
vt -0.0305431 0.0384407
v -275.783 139.315 -447.411
vt -0.0301839 0.0436855
vt -0.0291306 0.0485728
vt -0.0274551 0.0527697
v -275.783 134.402 -453.813
vt -0.0252716 0.05599
v -275.783 131.859 -454.866
vt -0.0227288 0.0580144
f 611/1195/302 612/1196/302 613/1197/302 614/1198/302 615/1199/302 616/1200/302 617/1201/302 618/1202/302 619/1203/302 620/1204/302 621/1205/302 622/1206/302 623/1207/302 624/1208/302 625/1209/302 626/1210/302 627/1211/302 628/1212/302 629/1213/302 630/1214/302 610/1215/302 609/1216/302 631/1217/302 632/1218/302 

vt 1.0089 9.06579
vn -1.06308e-16 -0.258819 -0.965926
vt 1.0089 9.05929
vn -4.41492e-31 -1.07781e-15 -1
vt -2.02978 9.05929
vt -2.02978 9.06579
f 612/1219/303 611/1220/304 606/1221/304 605/1222/303 

vt 1.0089 9.05279
vn 1.06308e-16 0.258819 -0.965926
vt -2.02978 9.05279
f 611/1220/304 632/1223/305 607/1224/305 606/1221/304 

vt 1.0089 9.04629
vn 2.05371e-16 0.5 -0.866025
vt -2.02978 9.04629
f 632/1223/305 631/1225/306 608/1226/306 607/1224/305 

f 631/1225/306 609/1191/300 585/1194/300 608/1226/306 

vt 1.0089 9.07228
vn -2.05371e-16 -0.5 -0.866025
vt -2.02978 9.07228
f 613/1227/307 612/1219/303 605/1222/303 604/1228/307 

vt 1.0089 9.07878
vn -2.90439e-16 -0.707107 -0.707107
vt -2.02978 9.07878
f 614/1229/308 613/1227/307 604/1228/307 603/1230/308 

vt 1.0089 9.08528
vn -3.55714e-16 -0.866025 -0.5
vt -2.02978 9.08528
f 615/1231/309 614/1229/308 603/1230/308 602/1232/309 

vt 1.0089 9.09178
vn -3.96747e-16 -0.965926 -0.258819
vt -2.02978 9.09178
f 616/1233/310 615/1231/309 602/1232/309 601/1234/310 

vt 1.0089 9.09828
vn -4.10743e-16 -1 -1.07781e-15
vt -2.02978 9.09828
f 617/1235/311 616/1233/310 601/1234/310 600/1236/311 

vt 1.0089 9.10477
vn -3.96747e-16 -0.965926 0.258819
vt -2.02978 9.10477
f 618/1237/312 617/1235/311 600/1236/311 599/1238/312 

vt 1.0089 9.11127
vn -3.55714e-16 -0.866025 0.5
vt -2.02978 9.11127
f 619/1239/313 618/1237/312 599/1238/312 598/1240/313 

vt 1.0089 9.11777
vn -2.90439e-16 -0.707107 0.707107
vt -2.02978 9.11777
f 620/1241/314 619/1239/313 598/1240/313 597/1242/314 

vt 1.0089 9.12427
vn -2.05371e-16 -0.5 0.866025
vt -2.02978 9.12427
f 621/1243/315 620/1241/314 597/1242/314 596/1244/315 

vt 1.0089 9.13077
vn -1.06308e-16 -0.258819 0.965926
vt -2.02978 9.13077
f 622/1245/316 621/1243/315 596/1244/315 595/1246/316 

vt 1.0089 9.13726
vt -2.02978 9.13726
f 623/1247/130 622/1245/316 595/1246/316 594/1248/130 

vt 1.0089 9.14376
vn 1.06308e-16 0.258819 0.965926
vt -2.02978 9.14376
f 624/1249/317 623/1247/130 594/1248/130 593/1250/317 

vt 1.0089 9.15026
vn 2.05371e-16 0.5 0.866025
vt -2.02978 9.15026
f 625/1251/318 624/1249/317 593/1250/317 592/1252/318 

vt 1.0089 9.15676
vn 2.90439e-16 0.707107 0.707107
vt -2.02978 9.15676
f 626/1253/319 625/1251/318 592/1252/318 591/1254/319 

vt 1.0089 9.16326
vn 3.55714e-16 0.866025 0.5
vt -2.02978 9.16326
f 627/1255/320 626/1253/319 591/1254/319 590/1256/320 

vt 1.0089 9.16975
vn 3.96747e-16 0.965926 0.258819
vt -2.02978 9.16975
f 628/1257/321 627/1255/320 590/1256/320 589/1258/321 

vt 1.0089 9.17625
vn 4.10743e-16 1 -1.07781e-15
vt -2.02978 9.17625
f 629/1259/322 628/1257/321 589/1258/321 588/1260/322 

vt 1.0089 9.0268
vn 3.96747e-16 0.965926 -0.258819
vt 1.0089 9.0203
vt -2.02978 9.0203
vt -2.02978 9.0268
f 630/1261/323 629/1262/322 588/1263/322 587/1264/323 

f 610/1192/301 630/1261/323 587/1264/323 586/1193/301 

g Mesh7 Component_4_2 Coffe_Table Model

v 754.641 136.586 54.6185
vn 1 1.91571e-16 -0
v 754.641 138.261 56.8021
v 754.641 139.315 59.3449
v 754.641 139.674 62.0737
v 754.641 139.315 64.8024
v 754.641 138.261 67.3452
v 754.641 136.586 69.5288
v 754.641 134.402 71.2043
v 754.641 131.859 72.2575
v 754.641 129.131 72.6168
v 754.641 126.402 72.2575
v 754.641 123.859 71.2043
v 754.641 121.676 69.5288
v 754.641 120 67.3452
v 754.641 118.947 64.8024
v 754.641 118.587 62.0737
v 754.641 118.947 59.3449
v 754.641 120 56.8021
v 754.641 121.676 54.6185
v 754.641 123.859 52.943
v 754.641 126.402 51.8898
v 754.641 129.131 51.5305
v 754.641 131.859 51.8898
v 754.641 134.402 52.943
f 633/1167/324 634/1168/324 635/1169/324 636/1170/324 637/1171/324 638/1172/324 639/1173/324 640/1174/324 641/1175/324 642/1176/324 643/1177/324 644/1178/324 645/1179/324 646/1180/324 647/1181/324 648/1182/324 649/1183/324 650/1184/324 651/1185/324 652/1186/324 653/1187/324 654/1188/324 655/1189/324 656/1190/324 

v -274.22 136.586 54.6185
vn 2.88786e-16 0.707107 -0.707107
v -274.22 138.261 56.8021
vn 3.53689e-16 0.866025 -0.5
f 657/1191/325 658/1192/326 634/1193/326 633/1194/325 

v -274.22 129.131 51.5305
vn -1 -1.91571e-16 -0
v -274.22 126.402 51.8898
v -274.22 123.859 52.943
v -274.22 121.676 54.6185
v -274.22 120 56.8021
v -274.22 118.947 59.3449
v -274.22 118.587 62.0737
v -274.22 118.947 64.8024
v -274.22 120 67.3452
v -274.22 121.676 69.5288
v -274.22 123.859 71.2043
v -274.22 126.402 72.2575
v -274.22 129.131 72.6168
v -274.22 131.859 72.2575
v -274.22 134.402 71.2043
v -274.22 136.586 69.5288
v -274.22 138.261 67.3452
v -274.22 139.315 64.8024
v -274.22 139.674 62.0737
v -274.22 139.315 59.3449
v -274.22 134.402 52.943
v -274.22 131.859 51.8898
f 659/1195/327 660/1196/327 661/1197/327 662/1198/327 663/1199/327 664/1200/327 665/1201/327 666/1202/327 667/1203/327 668/1204/327 669/1205/327 670/1206/327 671/1207/327 672/1208/327 673/1209/327 674/1210/327 675/1211/327 676/1212/327 677/1213/327 678/1214/327 658/1215/327 657/1216/327 679/1217/327 680/1218/327 

vn -1.05703e-16 -0.258819 -0.965926
vn -4.38976e-31 -1.07781e-15 -1
f 660/1219/328 659/1220/329 654/1221/329 653/1222/328 

vn 1.05703e-16 0.258819 -0.965926
f 659/1220/329 680/1223/330 655/1224/330 654/1221/329 

vn 2.04202e-16 0.5 -0.866025
f 680/1223/330 679/1225/331 656/1226/331 655/1224/330 

f 679/1225/331 657/1191/325 633/1194/325 656/1226/331 

vn -2.04202e-16 -0.5 -0.866025
f 661/1227/332 660/1219/328 653/1222/328 652/1228/332 

vn -2.88786e-16 -0.707107 -0.707107
f 662/1229/333 661/1227/332 652/1228/332 651/1230/333 

vn -3.53689e-16 -0.866025 -0.5
f 663/1231/334 662/1229/333 651/1230/333 650/1232/334 

vn -3.94489e-16 -0.965926 -0.258819
f 664/1233/335 663/1231/334 650/1232/334 649/1234/335 

vn -4.08405e-16 -1 -1.07781e-15
f 665/1235/336 664/1233/335 649/1234/335 648/1236/336 

vn -3.94489e-16 -0.965926 0.258819
f 666/1237/337 665/1235/336 648/1236/336 647/1238/337 

vn -3.53689e-16 -0.866025 0.5
f 667/1239/338 666/1237/337 647/1238/337 646/1240/338 

vn -2.88786e-16 -0.707107 0.707107
f 668/1241/339 667/1239/338 646/1240/338 645/1242/339 

vn -2.04202e-16 -0.5 0.866025
f 669/1243/340 668/1241/339 645/1242/339 644/1244/340 

vn -1.05703e-16 -0.258819 0.965926
f 670/1245/341 669/1243/340 644/1244/340 643/1246/341 

f 671/1247/130 670/1245/341 643/1246/341 642/1248/130 

vn 1.05703e-16 0.258819 0.965926
f 672/1249/342 671/1247/130 642/1248/130 641/1250/342 

vn 2.04202e-16 0.5 0.866025
f 673/1251/343 672/1249/342 641/1250/342 640/1252/343 

vn 2.88786e-16 0.707107 0.707107
f 674/1253/344 673/1251/343 640/1252/343 639/1254/344 

vn 3.53689e-16 0.866025 0.5
f 675/1255/345 674/1253/344 639/1254/344 638/1256/345 

vn 3.94489e-16 0.965926 0.258819
f 676/1257/346 675/1255/345 638/1256/345 637/1258/346 

vn 4.08405e-16 1 -1.07781e-15
f 677/1259/347 676/1257/346 637/1258/346 636/1260/347 

vn 3.94489e-16 0.965926 -0.258819
f 678/1261/348 677/1262/347 636/1263/347 635/1264/348 

f 658/1192/326 678/1261/348 635/1264/348 634/1193/326 

g Mesh8 Component_2_3 Coffe_Table Model

v 761.034 340 47.3276
vn -0.258819 -6.23049e-32 -0.965926
v 761.034 3 47.3276
v 757.352 3 48.8527
vn -0.5 -5.87234e-32 -0.866025
v 757.352 340 48.8527
f 681/964/349 682/963/349 683/962/350 684/961/350 

v 764.985 340 46.8074
v 764.985 3 46.8074
f 685/1022/233 686/1007/233 682/963/349 681/1021/349 

v 768.937 340 47.3276
vn 0.258819 2.88973e-32 -0.965926
v 768.937 3 47.3276
f 687/1020/351 688/1004/351 686/1007/233 685/1019/233 

v 772.619 340 48.8527
vn 0.5 -3.37191e-33 -0.866025
v 772.619 3 48.8527
f 689/1018/352 690/1000/352 688/1004/351 687/1017/351 

v 775.78 340 51.2788
vn 0.707107 -1.2617e-19 -0.707107
v 775.78 3 51.2788
f 691/1016/353 692/1001/353 690/1000/352 689/1015/352 

v 778.206 340 54.4405
vn 0.866025 -1.8703e-19 -0.5
v 778.206 3 54.4405
f 693/1014/354 694/962/354 692/966/353 691/1013/353 

v 779.731 340 58.1225
vn 0.965926 -1.00278e-19 -0.258819
v 779.731 3 58.1225
f 695/1012/355 696/963/355 694/962/354 693/1011/354 

v 780.252 340 62.0737
v 780.252 3 62.0737
f 697/1010/221 698/1007/221 696/963/355 695/1009/355 

v 779.731 340 66.0249
vn 0.965926 1.00278e-19 0.258819
v 779.731 3 66.0249
f 699/1008/356 700/1004/356 698/1007/221 697/1006/221 

v 778.206 340 69.7068
vn 0.866025 1.8703e-19 0.5
v 778.206 3 69.7068
f 701/1005/357 702/1000/357 700/1004/356 699/1003/356 

v 775.78 340 72.8685
vn 0.707107 1.2617e-19 0.707107
v 775.78 3 72.8685
f 703/1002/358 704/1001/358 702/1000/357 701/999/357 

v 772.619 340 75.2946
vn 0.5 -4.43795e-32 0.866025
v 772.619 3 75.2946
f 705/998/359 706/982/359 704/985/358 703/997/358 

v 768.937 340 76.8197
vn 0.258819 -6.23049e-32 0.965926
v 768.937 3 76.8197
f 707/996/360 708/979/360 706/982/359 705/995/359 

v 764.985 340 77.3399
v 764.985 3 77.3399
f 709/994/130 710/976/130 708/979/360 707/993/360 

v 761.034 340 76.8197
vn -0.258819 2.88973e-32 0.965926
v 761.034 3 76.8197
f 711/992/361 712/973/361 710/976/130 709/991/130 

v 757.352 340 75.2946
vn -0.5 1.0972e-32 0.866025
v 757.352 3 75.2946
f 713/990/362 714/969/362 712/973/361 711/989/361 

v 754.191 340 72.8685
vn -0.707107 -1.2617e-19 0.707107
v 754.191 3 72.8685
f 715/988/363 716/970/363 714/969/362 713/987/362 

v 751.764 340 69.7068
vn -0.866025 -1.8703e-19 0.5
v 751.764 3 69.7068
f 717/986/364 718/982/364 716/985/363 715/984/363 

v 750.239 340 66.0249
vn -0.965926 -1.00278e-19 0.258819
v 750.239 3 66.0249
f 719/983/365 720/979/365 718/982/364 717/981/364 

v 749.719 340 62.0737
vn -1 -7.88366e-20 -0
v 749.719 3 62.0737
f 721/980/366 722/976/366 720/979/365 719/978/365 

v 750.239 340 58.1225
vn -0.965926 2.14413e-20 -0.258819
v 750.239 3 58.1225
f 723/977/367 724/973/367 722/976/366 721/975/366 

v 751.764 340 54.4405
vn -0.866025 1.8703e-19 -0.5
v 751.764 3 54.4405
f 725/974/368 726/969/368 724/973/367 723/972/367 

v 754.191 340 51.2788
vn -0.707107 1.2617e-19 -0.707107
v 754.191 3 51.2788
f 727/971/369 728/970/369 726/969/368 725/968/368 

f 684/967/350 683/962/350 728/966/369 727/965/369 

v 755.647 3 52.7349
f 683/1036/134 729/1035/134 728/1037/134

v 758.382 3 50.6361
f 683/1036/134 730/1026/134 729/1035/134

f 682/1023/134 730/1026/134 683/1036/134

v 761.567 3 49.3167
f 682/1023/134 731/1024/134 730/1026/134

f 686/1025/134 731/1024/134 682/1023/134

v 764.985 3 48.8667
f 686/1025/134 732/1102/134 731/1024/134

v 768.404 3 49.3167
f 686/1025/134 733/1100/134 732/1102/134

f 688/1101/134 733/1100/134 686/1025/134

v 771.589 3 50.6361
f 688/1101/134 734/1099/134 733/1100/134

f 690/1098/134 734/1099/134 688/1101/134

v 774.324 3 52.7349
f 690/1098/134 735/1097/134 734/1099/134

f 692/1087/134 735/1097/134 690/1098/134

v 776.423 3 55.4702
f 692/1087/134 736/1088/134 735/1097/134

v 777.742 3 58.6554
f 692/1087/134 737/1086/134 736/1088/134

f 694/1082/134 737/1086/134 692/1087/134

v 778.192 3 62.0737
f 737/1086/134 694/1082/134 738/1081/134

f 694/1082/134 702/1080/134 738/1081/134

f 696/1083/134 702/1080/134 694/1082/134

f 696/1083/134 700/1084/134 702/1080/134

f 700/1084/134 696/1083/134 698/1085/134

v 777.742 3 65.4919
f 738/1081/134 702/1080/134 739/1079/134

f 739/1079/134 702/1080/134 704/1077/134

v 776.423 3 68.6772
f 739/1079/134 704/1077/134 740/1078/134

v 774.324 3 71.4124
f 740/1078/134 704/1077/134 741/1076/134

f 741/1076/134 704/1077/134 706/1075/134

v 771.589 3 73.5112
f 741/1076/134 706/1075/134 742/1074/134

f 742/1074/134 706/1075/134 708/1073/134

v 768.404 3 74.8306
f 742/1074/134 708/1073/134 743/1072/134

f 743/1072/134 708/1073/134 710/1071/134

v 764.985 3 75.2806
f 743/1072/134 710/1071/134 744/1070/134

f 744/1070/134 710/1071/134 712/1068/134

v 761.567 3 74.8306
f 744/1070/134 712/1068/134 745/1069/134

v 758.382 3 73.5112
f 745/1069/134 712/1068/134 746/1067/134

f 746/1067/134 712/1068/134 714/1066/134

v 755.647 3 71.4124
f 746/1067/134 714/1066/134 747/1065/134

f 747/1065/134 714/1066/134 716/1064/134

v 753.548 3 68.6772
f 747/1065/134 716/1064/134 748/1063/134

f 748/1063/134 716/1064/134 718/1058/134

v 752.228 3 65.4919
f 748/1063/134 718/1058/134 749/1059/134

v 751.778 3 62.0737
f 749/1059/134 718/1058/134 750/1049/134

f 726/1048/134 750/1049/134 718/1058/134

v 752.228 3 58.6554
f 726/1048/134 751/1047/134 750/1049/134

v 753.548 3 55.4702
f 726/1048/134 752/1038/134 751/1047/134

f 728/1037/134 752/1038/134 726/1048/134

f 728/1037/134 729/1035/134 752/1038/134

usemtl Coffee_Table_Black
v 755.647 3.41061e-13 52.7349
v 753.548 3.41061e-13 55.4702
f 753/1042/286 754/1041/285 752/1040/285 729/1039/286 

usemtl Coffe_Table_Wood
v 751.778 3.41061e-13 62.0737
v 752.228 3.41061e-13 58.6554
v 758.382 3.41061e-13 50.6361
v 761.567 3.41061e-13 49.3167
v 764.985 3.41061e-13 48.8667
v 768.404 3.41061e-13 49.3167
v 771.589 3.41061e-13 50.6361
v 774.324 3.41061e-13 52.7349
v 776.423 3.41061e-13 55.4702
v 777.742 3.41061e-13 58.6554
v 778.192 3.41061e-13 62.0737
v 777.742 3.41061e-13 65.4919
v 776.423 3.41061e-13 68.6772
v 774.324 3.41061e-13 71.4124
v 771.589 3.41061e-13 73.5112
v 768.404 3.41061e-13 74.8306
v 764.985 3.41061e-13 75.2806
v 761.567 3.41061e-13 74.8306
v 758.382 3.41061e-13 73.5112
v 755.647 3.41061e-13 71.4124
v 753.548 3.41061e-13 68.6772
v 752.228 3.41061e-13 65.4919
f 755/1049/134 756/1047/134 754/1038/134 753/1035/134 757/1026/134 758/1024/134 759/1102/134 760/1100/134 761/1099/134 762/1097/134 763/1088/134 764/1086/134 765/1081/134 766/1079/134 767/1078/134 768/1076/134 769/1074/134 770/1072/134 771/1070/134 772/1069/134 773/1067/134 774/1065/134 775/1063/134 776/1059/134 

usemtl Coffee_Table_Black
vn -1 0 -3.4014e-15
f 756/1053/284 755/1052/370 750/1051/370 751/1050/284 

vn -0.965926 0 0.258819
f 755/1057/370 776/1056/371 749/1055/371 750/1054/370 

vn -0.866025 0 0.5
f 776/1114/371 775/1113/372 748/1112/372 749/1111/371 

vn -0.707107 0 0.707107
f 775/1118/372 774/1117/373 747/1116/373 748/1115/372 

vn -0.5 0 0.866025
f 774/1118/373 773/1117/374 746/1116/374 747/1115/373 

vn -0.258819 0 0.965926
f 773/1114/374 772/1113/375 745/1112/375 746/1111/374 

f 772/1057/375 771/1056/130 744/1055/130 745/1054/375 

vn 0.258819 -0 0.965926
f 771/1053/130 770/1052/376 743/1051/376 744/1050/130 

vn 0.5 -0 0.866025
f 770/1046/376 769/1045/377 742/1044/377 743/1043/376 

vn 0.707107 -0 0.707107
f 769/1042/377 768/1041/378 741/1040/378 742/1039/377 

vn 0.866025 -0 0.5
f 768/1034/378 767/1033/379 740/1032/379 741/1031/378 

vn 0.965926 -0 0.258819
f 767/1030/379 766/1029/380 739/1028/380 740/1027/379 

vn 1 0 -1.39975e-17
f 766/1110/380 765/1109/381 738/1108/381 739/1107/380 

f 765/1106/381 764/1105/282 737/1104/282 738/1103/381 

f 764/1092/282 763/1091/87 736/1090/87 737/1089/282 

f 763/1096/87 762/1095/281 735/1094/281 736/1093/87 

f 762/1096/281 761/1095/95 734/1094/95 735/1093/281 

f 761/1092/95 760/1091/280 733/1090/280 734/1089/95 

f 760/1106/280 759/1105/233 732/1104/233 733/1103/280 

f 759/1110/233 758/1109/288 731/1108/288 732/1107/233 

f 758/1030/288 757/1029/287 730/1028/287 731/1027/288 

f 757/1034/287 753/1033/286 729/1032/286 730/1031/287 

f 754/1046/285 756/1045/284 751/1044/284 752/1043/285 

usemtl Coffe_Table_Wood
f 726/1048/134 718/1058/134 720/1060/134

f 726/1048/134 720/1060/134 724/1061/134

f 724/1061/134 720/1060/134 722/1062/134

f 684/1142/2 727/1141/2 725/1140/2 723/1139/2 721/1138/2 719/1137/2 717/1136/2 715/1135/2 713/1134/2 711/1133/2 709/1132/2 707/1131/2 705/1130/2 703/1129/2 701/1128/2 699/1127/2 697/1126/2 695/1125/2 693/1124/2 691/1123/2 689/1122/2 687/1121/2 685/1120/2 681/1119/2 

g Mesh9 Component_2_4 Coffe_Table Model

v 759.886 340 -461.731
v 759.886 3 -461.731
v 756.204 3 -460.205
v 756.204 340 -460.205
f 777/964/349 778/963/349 779/962/350 780/961/350 

v 763.837 340 -462.251
v 763.837 3 -462.251
f 781/1022/233 782/1007/233 778/963/349 777/1021/349 

v 767.788 340 -461.731
v 767.788 3 -461.731
f 783/1020/351 784/1004/351 782/1007/233 781/1019/233 

v 771.47 340 -460.205
v 771.47 3 -460.205
f 785/1018/352 786/1000/352 784/1004/351 783/1017/351 

v 774.632 340 -457.779
v 774.632 3 -457.779
f 787/1016/353 788/1001/353 786/1000/352 785/1015/352 

v 777.058 340 -454.618
v 777.058 3 -454.618
f 789/1014/354 790/962/354 788/966/353 787/1013/353 

v 778.583 340 -450.936
v 778.583 3 -450.936
f 791/1012/355 792/963/355 790/962/354 789/1011/354 

v 779.104 340 -446.985
v 779.104 3 -446.985
f 793/1010/221 794/1007/221 792/963/355 791/1009/355 

v 778.583 340 -443.033
v 778.583 3 -443.033
f 795/1008/356 796/1004/356 794/1007/221 793/1006/221 

v 777.058 340 -439.351
v 777.058 3 -439.351
f 797/1005/357 798/1000/357 796/1004/356 795/1003/356 

v 774.632 340 -436.19
v 774.632 3 -436.19
f 799/1002/358 800/1001/358 798/1000/357 797/999/357 

v 771.47 340 -433.764
v 771.47 3 -433.764
f 801/998/359 802/982/359 800/985/358 799/997/358 

v 767.788 340 -432.238
v 767.788 3 -432.238
f 803/996/360 804/979/360 802/982/359 801/995/359 

v 763.837 340 -431.718
v 763.837 3 -431.718
f 805/994/130 806/976/130 804/979/360 803/993/360 

v 759.886 340 -432.238
v 759.886 3 -432.238
f 807/992/361 808/973/361 806/976/130 805/991/130 

v 756.204 340 -433.764
v 756.204 3 -433.764
f 809/990/362 810/969/362 808/973/361 807/989/361 

v 753.042 340 -436.19
v 753.042 3 -436.19
f 811/988/363 812/970/363 810/969/362 809/987/362 

v 750.616 340 -439.351
v 750.616 3 -439.351
f 813/986/364 814/982/364 812/985/363 811/984/363 

v 749.091 340 -443.033
v 749.091 3 -443.033
f 815/983/365 816/979/365 814/982/364 813/981/364 

v 748.571 340 -446.985
v 748.571 3 -446.985
f 817/980/366 818/976/366 816/979/365 815/978/365 

v 749.091 340 -450.936
v 749.091 3 -450.936
f 819/977/367 820/973/367 818/976/366 817/975/366 

v 750.616 340 -454.618
v 750.616 3 -454.618
f 821/974/368 822/969/368 820/973/367 819/972/367 

v 753.042 340 -457.779
v 753.042 3 -457.779
f 823/971/369 824/970/369 822/969/368 821/968/368 

f 780/967/350 779/962/350 824/966/369 823/965/369 

v 754.499 3 -456.323
f 779/1036/134 825/1035/134 824/1037/134

v 757.234 3 -458.422
f 779/1036/134 826/1026/134 825/1035/134

f 778/1023/134 826/1026/134 779/1036/134

v 760.419 3 -459.741
f 778/1023/134 827/1024/134 826/1026/134

f 782/1025/134 827/1024/134 778/1023/134

v 763.837 3 -460.192
f 782/1025/134 828/1102/134 827/1024/134

v 767.255 3 -459.741
f 782/1025/134 829/1100/134 828/1102/134

f 784/1101/134 829/1100/134 782/1025/134

v 770.441 3 -458.422
f 784/1101/134 830/1099/134 829/1100/134

f 786/1098/134 830/1099/134 784/1101/134

v 773.176 3 -456.323
f 786/1098/134 831/1097/134 830/1099/134

f 788/1087/134 831/1097/134 786/1098/134

v 775.275 3 -453.588
f 788/1087/134 832/1088/134 831/1097/134

v 776.594 3 -450.403
f 788/1087/134 833/1086/134 832/1088/134

f 790/1082/134 833/1086/134 788/1087/134

v 777.044 3 -446.985
f 833/1086/134 790/1082/134 834/1081/134

f 790/1082/134 798/1080/134 834/1081/134

f 792/1083/134 798/1080/134 790/1082/134

f 792/1083/134 796/1084/134 798/1080/134

f 796/1084/134 792/1083/134 794/1085/134

v 776.594 3 -443.566
f 834/1081/134 798/1080/134 835/1079/134

f 835/1079/134 798/1080/134 800/1077/134

v 775.275 3 -440.381
f 835/1079/134 800/1077/134 836/1078/134

v 773.176 3 -437.646
f 836/1078/134 800/1077/134 837/1076/134

f 837/1076/134 800/1077/134 802/1075/134

v 770.441 3 -435.547
f 837/1076/134 802/1075/134 838/1074/134

f 838/1074/134 802/1075/134 804/1073/134

v 767.255 3 -434.228
f 838/1074/134 804/1073/134 839/1072/134

f 839/1072/134 804/1073/134 806/1071/134

v 763.837 3 -433.778
f 839/1072/134 806/1071/134 840/1070/134

f 840/1070/134 806/1071/134 808/1068/134

v 760.419 3 -434.228
f 840/1070/134 808/1068/134 841/1069/134

v 757.234 3 -435.547
f 841/1069/134 808/1068/134 842/1067/134

f 842/1067/134 808/1068/134 810/1066/134

v 754.499 3 -437.646
f 842/1067/134 810/1066/134 843/1065/134

f 843/1065/134 810/1066/134 812/1064/134

v 752.4 3 -440.381
f 843/1065/134 812/1064/134 844/1063/134

f 844/1063/134 812/1064/134 814/1058/134

v 751.08 3 -443.566
f 844/1063/134 814/1058/134 845/1059/134

v 750.63 3 -446.985
f 845/1059/134 814/1058/134 846/1049/134

f 822/1048/134 846/1049/134 814/1058/134

v 751.08 3 -450.403
f 822/1048/134 847/1047/134 846/1049/134

v 752.4 3 -453.588
f 822/1048/134 848/1038/134 847/1047/134

f 824/1037/134 848/1038/134 822/1048/134

f 824/1037/134 825/1035/134 848/1038/134

usemtl Coffee_Table_Black
v 754.499 3.97904e-13 -456.323
v 752.4 3.97904e-13 -453.588
f 849/1042/286 850/1041/285 848/1040/285 825/1039/286 

usemtl Coffe_Table_Wood
v 750.63 3.97904e-13 -446.985
v 751.08 3.97904e-13 -450.403
v 757.234 3.97904e-13 -458.422
v 760.419 3.97904e-13 -459.741
v 763.837 3.97904e-13 -460.192
v 767.255 3.97904e-13 -459.741
v 770.441 3.97904e-13 -458.422
v 773.176 3.97904e-13 -456.323
v 775.275 3.97904e-13 -453.588
v 776.594 3.97904e-13 -450.403
v 777.044 3.97904e-13 -446.985
v 776.594 3.97904e-13 -443.566
v 775.275 3.97904e-13 -440.381
v 773.176 3.97904e-13 -437.646
v 770.441 3.97904e-13 -435.547
v 767.255 3.97904e-13 -434.228
v 763.837 3.97904e-13 -433.778
v 760.419 3.97904e-13 -434.228
v 757.234 3.97904e-13 -435.547
v 754.499 3.97904e-13 -437.646
v 752.4 3.97904e-13 -440.381
v 751.08 3.97904e-13 -443.566
f 851/1049/134 852/1047/134 850/1038/134 849/1035/134 853/1026/134 854/1024/134 855/1102/134 856/1100/134 857/1099/134 858/1097/134 859/1088/134 860/1086/134 861/1081/134 862/1079/134 863/1078/134 864/1076/134 865/1074/134 866/1072/134 867/1070/134 868/1069/134 869/1067/134 870/1065/134 871/1063/134 872/1059/134 

usemtl Coffee_Table_Black
f 852/1053/284 851/1052/370 846/1051/370 847/1050/284 

f 851/1057/370 872/1056/371 845/1055/371 846/1054/370 

f 872/1114/371 871/1113/372 844/1112/372 845/1111/371 

f 871/1118/372 870/1117/373 843/1116/373 844/1115/372 

f 870/1118/373 869/1117/374 842/1116/374 843/1115/373 

f 869/1114/374 868/1113/375 841/1112/375 842/1111/374 

f 868/1057/375 867/1056/130 840/1055/130 841/1054/375 

f 867/1053/130 866/1052/376 839/1051/376 840/1050/130 

f 866/1046/376 865/1045/377 838/1044/377 839/1043/376 

f 865/1042/377 864/1041/378 837/1040/378 838/1039/377 

f 864/1034/378 863/1033/379 836/1032/379 837/1031/378 

f 863/1030/379 862/1029/380 835/1028/380 836/1027/379 

f 862/1110/380 861/1109/381 834/1108/381 835/1107/380 

f 861/1106/381 860/1105/282 833/1104/282 834/1103/381 

f 860/1092/282 859/1091/87 832/1090/87 833/1089/282 

f 859/1096/87 858/1095/281 831/1094/281 832/1093/87 

f 858/1096/281 857/1095/95 830/1094/95 831/1093/281 

f 857/1092/95 856/1091/280 829/1090/280 830/1089/95 

f 856/1106/280 855/1105/233 828/1104/233 829/1103/280 

f 855/1110/233 854/1109/288 827/1108/288 828/1107/233 

f 854/1030/288 853/1029/287 826/1028/287 827/1027/288 

f 853/1034/287 849/1033/286 825/1032/286 826/1031/287 

f 850/1046/285 852/1045/284 847/1044/284 848/1043/285 

usemtl Coffe_Table_Wood
f 822/1048/134 814/1058/134 816/1060/134

f 822/1048/134 816/1060/134 820/1061/134

f 820/1061/134 816/1060/134 818/1062/134

f 780/1142/2 823/1141/2 821/1140/2 819/1139/2 817/1138/2 815/1137/2 813/1136/2 811/1135/2 809/1134/2 807/1133/2 805/1132/2 803/1131/2 801/1130/2 799/1129/2 797/1128/2 795/1127/2 793/1126/2 791/1125/2 789/1124/2 787/1123/2 785/1122/2 783/1121/2 781/1120/2 777/1119/2 

g Mesh10 Component_3_2 Coffe_Table Model

v 771.532 340 -443.033
v 755.532 340 -443.033
v 755.532 340 62.938
v 771.532 340 62.938
f 873/1143/2 874/1144/2 875/1145/2 876/1146/2 

v 771.532 290 -443.033
vn -1.65758e-32 0 -1
v 755.532 290 -443.033
f 877/1147/382 878/1148/382 874/1149/382 873/1150/382 

v 771.532 290 62.938
v 755.532 290 62.938
f 878/1151/134 877/1152/134 879/1153/134 880/1154/134 

vn 1 0 2.46519e-32
f 879/1155/383 877/1156/383 873/1157/383 876/1158/383 

vn 1.65758e-32 0 1
f 880/1159/384 879/1160/384 876/1161/384 875/1162/384 

vn -1 0 -2.46519e-32
f 878/1163/385 880/1164/385 875/1165/385 874/1166/385 

g Mesh11 Component_5_2 Coffe_Table Model

v 566.693 130.533 59.3449
v 566.088 131.322 59.3449
v 565.298 131.928 59.3449
v 564.379 132.309 59.3449
v 563.393 132.438 59.3449
v 562.407 132.309 59.3449
v 561.488 131.928 59.3449
v 560.698 131.322 59.3449
v 560.093 130.533 59.3449
v 559.712 129.614 59.3449
v 559.582 128.628 59.3449
v 559.712 127.641 59.3449
v 560.093 126.722 59.3449
v 560.698 125.933 59.3449
v 561.488 125.327 59.3449
v 562.407 124.947 59.3449
v 563.393 124.817 59.3449
v 564.379 124.947 59.3449
v 565.298 125.327 59.3449
v 566.088 125.933 59.3449
v 566.693 126.722 59.3449
v 567.074 127.641 59.3449
v 567.204 128.628 59.3449
v 567.074 129.614 59.3449
f 881/797/234 882/798/234 883/799/234 884/800/234 885/801/234 886/802/234 887/803/234 888/804/234 889/805/234 890/806/234 891/807/234 892/808/234 893/809/234 894/810/234 895/811/234 896/812/234 897/813/234 898/814/234 899/815/234 900/816/234 901/817/234 902/818/234 903/819/234 904/820/234 

v 566.917 132.152 59.3449
f 881/821/234 905/822/234 882/823/234

f 904/824/234 905/822/234 881/821/234

v 567.709 131.119 59.3449
f 906/825/234 905/822/234 904/824/234

v 567.709 131.119 -437.227
v 566.917 132.152 -437.227
f 905/826/235 906/827/236 907/828/236 908/829/235 

v 568.207 129.918 59.3449
v 568.207 129.918 -437.227
f 906/830/236 909/831/237 910/832/237 907/833/236 

v 567.709 126.136 59.3449
f 909/834/234 906/825/234 911/835/234

f 906/825/234 903/836/234 911/835/234

f 903/836/234 906/825/234 904/824/234

f 903/836/234 902/837/234 911/835/234

v 566.917 125.104 59.3449
f 911/835/234 902/837/234 912/838/234

f 902/837/234 901/839/234 912/838/234

f 901/839/234 900/840/234 912/838/234

v 565.885 124.312 59.3449
f 912/838/234 900/840/234 913/841/234

f 900/840/234 899/842/234 913/841/234

v 564.683 123.814 59.3449
f 913/841/234 899/842/234 914/843/234

f 899/842/234 898/844/234 914/843/234

v 563.393 123.644 59.3449
f 914/843/234 898/844/234 915/845/234

f 898/844/234 897/846/234 915/845/234

f 897/846/234 896/847/234 915/845/234

v 562.103 123.814 59.3449
f 915/845/234 896/847/234 916/848/234

f 896/847/234 895/849/234 916/848/234

v 560.901 124.312 59.3449
f 916/848/234 895/849/234 917/850/234

f 895/849/234 894/851/234 917/850/234

f 894/851/234 893/852/234 917/850/234

v 559.869 125.104 59.3449
f 917/850/234 893/852/234 918/853/234

f 893/852/234 892/854/234 918/853/234

f 892/854/234 891/855/234 918/853/234

v 559.077 126.136 59.3449
f 919/856/234 918/853/234 891/855/234

v 559.077 126.136 -437.227
v 559.869 125.104 -437.227
f 918/857/238 919/858/239 920/859/239 921/860/238 

v 558.579 127.338 59.3449
v 558.579 127.338 -437.227
f 919/858/239 922/861/240 923/862/240 920/859/239 

v 559.077 131.119 59.3449
f 919/856/234 924/863/234 922/864/234

v 559.869 132.152 59.3449
f 925/865/234 924/863/234 919/856/234

v 559.869 132.152 -437.227
v 559.077 131.119 -437.227
f 924/866/241 925/867/242 926/868/242 927/869/241 

v 560.901 132.944 59.3449
v 560.901 132.944 -437.227
f 925/870/242 928/871/243 929/872/243 926/873/242 

f 928/874/234 925/865/234 889/875/234

f 889/875/234 925/865/234 890/876/234

f 890/876/234 925/865/234 891/855/234

f 891/855/234 925/865/234 919/856/234

f 888/877/234 928/874/234 889/875/234

f 887/878/234 928/874/234 888/877/234

v 562.103 133.441 59.3449
f 930/879/234 928/874/234 887/878/234

v 562.103 133.441 -437.227
f 928/871/243 930/880/244 931/881/244 929/872/243 

v 563.393 133.611 59.3449
v 563.393 133.611 -437.227
f 930/882/244 932/883/245 933/884/245 931/885/244 

f 932/886/234 930/879/234 886/887/234

f 886/887/234 930/879/234 887/878/234

f 885/888/234 932/886/234 886/887/234

v 564.683 133.441 59.3449
f 934/889/234 932/886/234 885/888/234

v 564.683 133.441 -437.227
f 932/890/245 934/889/246 935/891/246 933/892/245 

v 565.885 132.944 59.3449
v 565.885 132.944 -437.227
f 934/889/246 936/893/247 937/894/247 935/891/246 

f 936/893/234 934/889/234 883/895/234

f 883/895/234 934/889/234 884/896/234

f 884/896/234 934/889/234 885/888/234

f 882/823/234 936/893/234 883/895/234

f 905/822/234 936/893/234 882/823/234

f 936/897/247 905/826/235 908/829/235 937/898/247 

v 568.376 128.628 -437.227
v 568.207 127.338 -437.227
v 567.709 126.136 -437.227
v 566.917 125.104 -437.227
v 565.885 124.312 -437.227
v 564.683 123.814 -437.227
v 563.393 123.644 -437.227
v 562.103 123.814 -437.227
v 560.901 124.312 -437.227
v 558.409 128.628 -437.227
v 558.579 129.918 -437.227
f 937/894/248 908/899/248 907/900/248 910/901/248 938/902/248 939/903/248 940/904/248 941/905/248 942/906/248 943/907/248 944/908/248 945/909/248 946/910/248 921/911/248 920/912/248 923/913/248 947/914/248 948/915/248 927/916/248 926/917/248 929/918/248 931/919/248 933/920/248 935/891/248 

v 568.376 128.628 59.3449
f 909/831/237 949/921/249 938/922/249 910/832/237 

v 568.207 127.338 59.3449
f 949/923/234 909/834/234 950/924/234

f 950/924/234 909/834/234 911/835/234

f 950/925/250 911/926/251 940/927/251 939/928/250 

f 911/926/251 912/929/252 941/930/252 940/927/251 

f 912/931/252 913/932/253 942/933/253 941/934/252 

f 913/932/253 914/935/254 943/936/254 942/933/253 

f 914/937/254 915/938/255 944/939/255 943/940/254 

f 915/938/255 916/941/256 945/942/256 944/939/255 

f 916/943/256 917/944/257 946/945/257 945/946/256 

f 917/944/257 918/947/238 921/948/238 946/945/257 

f 949/921/249 950/949/250 939/950/250 938/922/249 

v 558.409 128.628 59.3449
f 922/951/240 951/952/28 947/953/28 923/954/240 

v 558.579 129.918 59.3449
f 951/955/234 922/864/234 952/956/234

f 924/863/234 952/956/234 922/864/234

f 952/957/258 924/866/241 927/869/241 948/958/258 

f 951/959/28 952/957/258 948/958/258 947/960/28 

g Mesh12 Component_5_3 Coffe_Table Model

v 646.36 130.533 59.3449
v 645.754 131.322 59.3449
v 644.965 131.928 59.3449
v 644.046 132.309 59.3449
v 643.06 132.438 59.3449
v 642.073 132.309 59.3449
v 641.154 131.928 59.3449
v 640.365 131.322 59.3449
v 639.759 130.533 59.3449
v 639.379 129.614 59.3449
v 639.249 128.628 59.3449
v 639.379 127.641 59.3449
v 639.759 126.722 59.3449
v 640.365 125.933 59.3449
v 641.154 125.327 59.3449
v 642.073 124.947 59.3449
v 643.06 124.817 59.3449
v 644.046 124.947 59.3449
v 644.965 125.327 59.3449
v 645.754 125.933 59.3449
v 646.36 126.722 59.3449
v 646.741 127.641 59.3449
v 646.87 128.628 59.3449
v 646.741 129.614 59.3449
f 953/797/234 954/798/234 955/799/234 956/800/234 957/801/234 958/802/234 959/803/234 960/804/234 961/805/234 962/806/234 963/807/234 964/808/234 965/809/234 966/810/234 967/811/234 968/812/234 969/813/234 970/814/234 971/815/234 972/816/234 973/817/234 974/818/234 975/819/234 976/820/234 

v 646.583 132.152 59.3449
f 953/821/234 977/822/234 954/823/234

f 976/824/234 977/822/234 953/821/234

v 647.375 131.119 59.3449
f 978/825/234 977/822/234 976/824/234

v 647.375 131.119 -437.227
v 646.583 132.152 -437.227
f 977/826/235 978/827/236 979/828/236 980/829/235 

v 647.873 129.918 59.3449
v 647.873 129.918 -437.227
f 978/830/236 981/831/237 982/832/237 979/833/236 

v 647.375 126.136 59.3449
f 981/834/234 978/825/234 983/835/234

f 978/825/234 975/836/234 983/835/234

f 975/836/234 978/825/234 976/824/234

f 975/836/234 974/837/234 983/835/234

v 646.583 125.104 59.3449
f 983/835/234 974/837/234 984/838/234

f 974/837/234 973/839/234 984/838/234

f 973/839/234 972/840/234 984/838/234

v 645.551 124.312 59.3449
f 984/838/234 972/840/234 985/841/234

f 972/840/234 971/842/234 985/841/234

v 644.349 123.814 59.3449
f 985/841/234 971/842/234 986/843/234

f 971/842/234 970/844/234 986/843/234

v 643.06 123.644 59.3449
f 986/843/234 970/844/234 987/845/234

f 970/844/234 969/846/234 987/845/234

f 969/846/234 968/847/234 987/845/234

v 641.77 123.814 59.3449
f 987/845/234 968/847/234 988/848/234

f 968/847/234 967/849/234 988/848/234

v 640.568 124.312 59.3449
f 988/848/234 967/849/234 989/850/234

f 967/849/234 966/851/234 989/850/234

f 966/851/234 965/852/234 989/850/234

v 639.536 125.104 59.3449
f 989/850/234 965/852/234 990/853/234

f 965/852/234 964/854/234 990/853/234

f 964/854/234 963/855/234 990/853/234

v 638.744 126.136 59.3449
f 991/856/234 990/853/234 963/855/234

v 638.744 126.136 -437.227
v 639.536 125.104 -437.227
f 990/857/238 991/858/239 992/859/239 993/860/238 

v 638.246 127.338 59.3449
v 638.246 127.338 -437.227
f 991/858/239 994/861/240 995/862/240 992/859/239 

v 638.744 131.119 59.3449
f 991/856/234 996/863/234 994/864/234

v 639.536 132.152 59.3449
f 997/865/234 996/863/234 991/856/234

v 639.536 132.152 -437.227
v 638.744 131.119 -437.227
f 996/866/241 997/867/242 998/868/242 999/869/241 

v 640.568 132.944 59.3449
v 640.568 132.944 -437.227
f 997/870/242 1000/871/243 1001/872/243 998/873/242 

f 1000/874/234 997/865/234 961/875/234

f 961/875/234 997/865/234 962/876/234

f 962/876/234 997/865/234 963/855/234

f 963/855/234 997/865/234 991/856/234

f 960/877/234 1000/874/234 961/875/234

f 959/878/234 1000/874/234 960/877/234

v 641.77 133.441 59.3449
f 1002/879/234 1000/874/234 959/878/234

v 641.77 133.441 -437.227
f 1000/871/243 1002/880/244 1003/881/244 1001/872/243 

v 643.06 133.611 59.3449
v 643.06 133.611 -437.227
f 1002/882/244 1004/883/245 1005/884/245 1003/885/244 

f 1004/886/234 1002/879/234 958/887/234

f 958/887/234 1002/879/234 959/878/234

f 957/888/234 1004/886/234 958/887/234

v 644.349 133.441 59.3449
f 1006/889/234 1004/886/234 957/888/234

v 644.349 133.441 -437.227
f 1004/890/245 1006/889/246 1007/891/246 1005/892/245 

v 645.551 132.944 59.3449
v 645.551 132.944 -437.227
f 1006/889/246 1008/893/247 1009/894/247 1007/891/246 

f 1008/893/234 1006/889/234 955/895/234

f 955/895/234 1006/889/234 956/896/234

f 956/896/234 1006/889/234 957/888/234

f 954/823/234 1008/893/234 955/895/234

f 977/822/234 1008/893/234 954/823/234

f 1008/897/247 977/826/235 980/829/235 1009/898/247 

v 648.043 128.628 -437.227
v 647.873 127.338 -437.227
v 647.375 126.136 -437.227
v 646.583 125.104 -437.227
v 645.551 124.312 -437.227
v 644.349 123.814 -437.227
v 643.06 123.644 -437.227
v 641.77 123.814 -437.227
v 640.568 124.312 -437.227
v 638.076 128.628 -437.227
v 638.246 129.918 -437.227
f 1009/894/248 980/899/248 979/900/248 982/901/248 1010/902/248 1011/903/248 1012/904/248 1013/905/248 1014/906/248 1015/907/248 1016/908/248 1017/909/248 1018/910/248 993/911/248 992/912/248 995/913/248 1019/914/248 1020/915/248 999/916/248 998/917/248 1001/918/248 1003/919/248 1005/920/248 1007/891/248 

v 648.043 128.628 59.3449
f 981/831/237 1021/921/249 1010/922/249 982/832/237 

v 647.873 127.338 59.3449
f 1021/923/234 981/834/234 1022/924/234

f 1022/924/234 981/834/234 983/835/234

f 1022/925/250 983/926/251 1012/927/251 1011/928/250 

f 983/926/251 984/929/252 1013/930/252 1012/927/251 

f 984/931/252 985/932/253 1014/933/253 1013/934/252 

f 985/932/253 986/935/254 1015/936/254 1014/933/253 

f 986/937/254 987/938/255 1016/939/255 1015/940/254 

f 987/938/255 988/941/256 1017/942/256 1016/939/255 

f 988/943/256 989/944/257 1018/945/257 1017/946/256 

f 989/944/257 990/947/238 993/948/238 1018/945/257 

f 1021/921/249 1022/949/250 1011/950/250 1010/922/249 

v 638.076 128.628 59.3449
f 994/951/240 1023/952/28 1019/953/28 995/954/240 

v 638.246 129.918 59.3449
f 1023/955/234 994/864/234 1024/956/234

f 996/863/234 1024/956/234 994/864/234

f 1024/957/258 996/866/241 999/869/241 1020/958/258 

f 1023/959/28 1024/957/258 1020/958/258 1019/960/28 

g Mesh13 Component_5_4 Coffe_Table Model

v 726.027 130.533 59.3449
v 725.421 131.322 59.3449
v 724.632 131.928 59.3449
v 723.713 132.309 59.3449
v 722.726 132.438 59.3449
v 721.74 132.309 59.3449
v 720.821 131.928 59.3449
v 720.032 131.322 59.3449
v 719.426 130.533 59.3449
v 719.045 129.614 59.3449
v 718.915 128.628 59.3449
v 719.045 127.641 59.3449
v 719.426 126.722 59.3449
v 720.032 125.933 59.3449
v 720.821 125.327 59.3449
v 721.74 124.947 59.3449
v 722.726 124.817 59.3449
v 723.713 124.947 59.3449
v 724.632 125.327 59.3449
v 725.421 125.933 59.3449
v 726.027 126.722 59.3449
v 726.407 127.641 59.3449
v 726.537 128.628 59.3449
v 726.407 129.614 59.3449
f 1025/797/234 1026/798/234 1027/799/234 1028/800/234 1029/801/234 1030/802/234 1031/803/234 1032/804/234 1033/805/234 1034/806/234 1035/807/234 1036/808/234 1037/809/234 1038/810/234 1039/811/234 1040/812/234 1041/813/234 1042/814/234 1043/815/234 1044/816/234 1045/817/234 1046/818/234 1047/819/234 1048/820/234 

v 726.25 132.152 59.3449
f 1025/821/234 1049/822/234 1026/823/234

f 1048/824/234 1049/822/234 1025/821/234

v 727.042 131.119 59.3449
f 1050/825/234 1049/822/234 1048/824/234

v 727.042 131.119 -437.227
v 726.25 132.152 -437.227
f 1049/826/235 1050/827/236 1051/828/236 1052/829/235 

v 727.54 129.918 59.3449
v 727.54 129.918 -437.227
f 1050/830/236 1053/831/237 1054/832/237 1051/833/236 

v 727.042 126.136 59.3449
f 1053/834/234 1050/825/234 1055/835/234

f 1050/825/234 1047/836/234 1055/835/234

f 1047/836/234 1050/825/234 1048/824/234

f 1047/836/234 1046/837/234 1055/835/234

v 726.25 125.104 59.3449
f 1055/835/234 1046/837/234 1056/838/234

f 1046/837/234 1045/839/234 1056/838/234

f 1045/839/234 1044/840/234 1056/838/234

v 725.218 124.312 59.3449
f 1056/838/234 1044/840/234 1057/841/234

f 1044/840/234 1043/842/234 1057/841/234

v 724.016 123.814 59.3449
f 1057/841/234 1043/842/234 1058/843/234

f 1043/842/234 1042/844/234 1058/843/234

v 722.726 123.644 59.3449
f 1058/843/234 1042/844/234 1059/845/234

f 1042/844/234 1041/846/234 1059/845/234

f 1041/846/234 1040/847/234 1059/845/234

v 721.436 123.814 59.3449
f 1059/845/234 1040/847/234 1060/848/234

f 1040/847/234 1039/849/234 1060/848/234

v 720.235 124.312 59.3449
f 1060/848/234 1039/849/234 1061/850/234

f 1039/849/234 1038/851/234 1061/850/234

f 1038/851/234 1037/852/234 1061/850/234

v 719.202 125.104 59.3449
f 1061/850/234 1037/852/234 1062/853/234

f 1037/852/234 1036/854/234 1062/853/234

f 1036/854/234 1035/855/234 1062/853/234

v 718.41 126.136 59.3449
f 1063/856/234 1062/853/234 1035/855/234

v 718.41 126.136 -437.227
v 719.202 125.104 -437.227
f 1062/857/238 1063/858/239 1064/859/239 1065/860/238 

v 717.913 127.338 59.3449
v 717.913 127.338 -437.227
f 1063/858/239 1066/861/240 1067/862/240 1064/859/239 

v 718.41 131.119 59.3449
f 1063/856/234 1068/863/234 1066/864/234

v 719.202 132.152 59.3449
f 1069/865/234 1068/863/234 1063/856/234

v 719.202 132.152 -437.227
v 718.41 131.119 -437.227
f 1068/866/241 1069/867/242 1070/868/242 1071/869/241 

v 720.235 132.944 59.3449
v 720.235 132.944 -437.227
f 1069/870/242 1072/871/243 1073/872/243 1070/873/242 

f 1072/874/234 1069/865/234 1033/875/234

f 1033/875/234 1069/865/234 1034/876/234

f 1034/876/234 1069/865/234 1035/855/234

f 1035/855/234 1069/865/234 1063/856/234

f 1032/877/234 1072/874/234 1033/875/234

f 1031/878/234 1072/874/234 1032/877/234

v 721.436 133.441 59.3449
f 1074/879/234 1072/874/234 1031/878/234

v 721.436 133.441 -437.227
f 1072/871/243 1074/880/244 1075/881/244 1073/872/243 

v 722.726 133.611 59.3449
v 722.726 133.611 -437.227
f 1074/882/244 1076/883/245 1077/884/245 1075/885/244 

f 1076/886/234 1074/879/234 1030/887/234

f 1030/887/234 1074/879/234 1031/878/234

f 1029/888/234 1076/886/234 1030/887/234

v 724.016 133.441 59.3449
f 1078/889/234 1076/886/234 1029/888/234

v 724.016 133.441 -437.227
f 1076/890/245 1078/889/246 1079/891/246 1077/892/245 

v 725.218 132.944 59.3449
v 725.218 132.944 -437.227
f 1078/889/246 1080/893/247 1081/894/247 1079/891/246 

f 1080/893/234 1078/889/234 1027/895/234

f 1027/895/234 1078/889/234 1028/896/234

f 1028/896/234 1078/889/234 1029/888/234

f 1026/823/234 1080/893/234 1027/895/234

f 1049/822/234 1080/893/234 1026/823/234

f 1080/897/247 1049/826/235 1052/829/235 1081/898/247 

v 727.71 128.628 -437.227
v 727.54 127.338 -437.227
v 727.042 126.136 -437.227
v 726.25 125.104 -437.227
v 725.218 124.312 -437.227
v 724.016 123.814 -437.227
v 722.726 123.644 -437.227
v 721.436 123.814 -437.227
v 720.235 124.312 -437.227
v 717.743 128.628 -437.227
v 717.913 129.918 -437.227
f 1081/894/248 1052/899/248 1051/900/248 1054/901/248 1082/902/248 1083/903/248 1084/904/248 1085/905/248 1086/906/248 1087/907/248 1088/908/248 1089/909/248 1090/910/248 1065/911/248 1064/912/248 1067/913/248 1091/914/248 1092/915/248 1071/916/248 1070/917/248 1073/918/248 1075/919/248 1077/920/248 1079/891/248 

v 727.71 128.628 59.3449
f 1053/831/237 1093/921/249 1082/922/249 1054/832/237 

v 727.54 127.338 59.3449
f 1093/923/234 1053/834/234 1094/924/234

f 1094/924/234 1053/834/234 1055/835/234

f 1094/925/250 1055/926/251 1084/927/251 1083/928/250 

f 1055/926/251 1056/929/252 1085/930/252 1084/927/251 

f 1056/931/252 1057/932/253 1086/933/253 1085/934/252 

f 1057/932/253 1058/935/254 1087/936/254 1086/933/253 

f 1058/937/254 1059/938/255 1088/939/255 1087/940/254 

f 1059/938/255 1060/941/256 1089/942/256 1088/939/255 

f 1060/943/256 1061/944/257 1090/945/257 1089/946/256 

f 1061/944/257 1062/947/238 1065/948/238 1090/945/257 

f 1093/921/249 1094/949/250 1083/950/250 1082/922/249 

v 717.743 128.628 59.3449
f 1066/951/240 1095/952/28 1091/953/28 1067/954/240 

v 717.913 129.918 59.3449
f 1095/955/234 1066/864/234 1096/956/234

f 1068/863/234 1096/956/234 1066/864/234

f 1096/957/258 1068/866/241 1071/869/241 1092/958/258 

f 1095/959/28 1096/957/258 1092/958/258 1091/960/28 

g Mesh14 Component_5_5 Coffe_Table Model

v 487.027 130.533 59.3449
v 486.421 131.322 59.3449
v 485.632 131.928 59.3449
v 484.713 132.309 59.3449
v 483.726 132.438 59.3449
v 482.74 132.309 59.3449
v 481.821 131.928 59.3449
v 481.032 131.322 59.3449
v 480.426 130.533 59.3449
v 480.045 129.614 59.3449
v 479.915 128.628 59.3449
v 480.045 127.641 59.3449
v 480.426 126.722 59.3449
v 481.032 125.933 59.3449
v 481.821 125.327 59.3449
v 482.74 124.947 59.3449
v 483.726 124.817 59.3449
v 484.713 124.947 59.3449
v 485.632 125.327 59.3449
v 486.421 125.933 59.3449
v 487.027 126.722 59.3449
v 487.407 127.641 59.3449
v 487.537 128.628 59.3449
v 487.407 129.614 59.3449
f 1097/797/234 1098/798/234 1099/799/234 1100/800/234 1101/801/234 1102/802/234 1103/803/234 1104/804/234 1105/805/234 1106/806/234 1107/807/234 1108/808/234 1109/809/234 1110/810/234 1111/811/234 1112/812/234 1113/813/234 1114/814/234 1115/815/234 1116/816/234 1117/817/234 1118/818/234 1119/819/234 1120/820/234 

v 487.25 132.152 59.3449
f 1097/821/234 1121/822/234 1098/823/234

f 1120/824/234 1121/822/234 1097/821/234

v 488.042 131.119 59.3449
f 1122/825/234 1121/822/234 1120/824/234

v 488.042 131.119 -437.227
v 487.25 132.152 -437.227
f 1121/826/235 1122/827/236 1123/828/236 1124/829/235 

v 488.54 129.918 59.3449
v 488.54 129.918 -437.227
f 1122/830/236 1125/831/237 1126/832/237 1123/833/236 

v 488.042 126.136 59.3449
f 1125/834/234 1122/825/234 1127/835/234

f 1122/825/234 1119/836/234 1127/835/234

f 1119/836/234 1122/825/234 1120/824/234

f 1119/836/234 1118/837/234 1127/835/234

v 487.25 125.104 59.3449
f 1127/835/234 1118/837/234 1128/838/234

f 1118/837/234 1117/839/234 1128/838/234

f 1117/839/234 1116/840/234 1128/838/234

v 486.218 124.312 59.3449
f 1128/838/234 1116/840/234 1129/841/234

f 1116/840/234 1115/842/234 1129/841/234

v 485.016 123.814 59.3449
f 1129/841/234 1115/842/234 1130/843/234

f 1115/842/234 1114/844/234 1130/843/234

v 483.726 123.644 59.3449
f 1130/843/234 1114/844/234 1131/845/234

f 1114/844/234 1113/846/234 1131/845/234

f 1113/846/234 1112/847/234 1131/845/234

v 482.436 123.814 59.3449
f 1131/845/234 1112/847/234 1132/848/234

f 1112/847/234 1111/849/234 1132/848/234

v 481.235 124.312 59.3449
f 1132/848/234 1111/849/234 1133/850/234

f 1111/849/234 1110/851/234 1133/850/234

f 1110/851/234 1109/852/234 1133/850/234

v 480.202 125.104 59.3449
f 1133/850/234 1109/852/234 1134/853/234

f 1109/852/234 1108/854/234 1134/853/234

f 1108/854/234 1107/855/234 1134/853/234

v 479.41 126.136 59.3449
f 1135/856/234 1134/853/234 1107/855/234

v 479.41 126.136 -437.227
v 480.202 125.104 -437.227
f 1134/857/238 1135/858/239 1136/859/239 1137/860/238 

v 478.913 127.338 59.3449
v 478.913 127.338 -437.227
f 1135/858/239 1138/861/240 1139/862/240 1136/859/239 

v 479.41 131.119 59.3449
f 1135/856/234 1140/863/234 1138/864/234

v 480.202 132.152 59.3449
f 1141/865/234 1140/863/234 1135/856/234

v 480.202 132.152 -437.227
v 479.41 131.119 -437.227
f 1140/866/241 1141/867/242 1142/868/242 1143/869/241 

v 481.235 132.944 59.3449
v 481.235 132.944 -437.227
f 1141/870/242 1144/871/243 1145/872/243 1142/873/242 

f 1144/874/234 1141/865/234 1105/875/234

f 1105/875/234 1141/865/234 1106/876/234

f 1106/876/234 1141/865/234 1107/855/234

f 1107/855/234 1141/865/234 1135/856/234

f 1104/877/234 1144/874/234 1105/875/234

f 1103/878/234 1144/874/234 1104/877/234

v 482.436 133.441 59.3449
f 1146/879/234 1144/874/234 1103/878/234

v 482.436 133.441 -437.227
f 1144/871/243 1146/880/244 1147/881/244 1145/872/243 

v 483.726 133.611 59.3449
v 483.726 133.611 -437.227
f 1146/882/244 1148/883/245 1149/884/245 1147/885/244 

f 1148/886/234 1146/879/234 1102/887/234

f 1102/887/234 1146/879/234 1103/878/234

f 1101/888/234 1148/886/234 1102/887/234

v 485.016 133.441 59.3449
f 1150/889/234 1148/886/234 1101/888/234

v 485.016 133.441 -437.227
f 1148/890/245 1150/889/246 1151/891/246 1149/892/245 

v 486.218 132.944 59.3449
v 486.218 132.944 -437.227
f 1150/889/246 1152/893/247 1153/894/247 1151/891/246 

f 1152/893/234 1150/889/234 1099/895/234

f 1099/895/234 1150/889/234 1100/896/234

f 1100/896/234 1150/889/234 1101/888/234

f 1098/823/234 1152/893/234 1099/895/234

f 1121/822/234 1152/893/234 1098/823/234

f 1152/897/247 1121/826/235 1124/829/235 1153/898/247 

v 488.71 128.628 -437.227
v 488.54 127.338 -437.227
v 488.042 126.136 -437.227
v 487.25 125.104 -437.227
v 486.218 124.312 -437.227
v 485.016 123.814 -437.227
v 483.726 123.644 -437.227
v 482.436 123.814 -437.227
v 481.235 124.312 -437.227
v 478.743 128.628 -437.227
v 478.913 129.918 -437.227
f 1153/894/248 1124/899/248 1123/900/248 1126/901/248 1154/902/248 1155/903/248 1156/904/248 1157/905/248 1158/906/248 1159/907/248 1160/908/248 1161/909/248 1162/910/248 1137/911/248 1136/912/248 1139/913/248 1163/914/248 1164/915/248 1143/916/248 1142/917/248 1145/918/248 1147/919/248 1149/920/248 1151/891/248 

v 488.71 128.628 59.3449
f 1125/831/237 1165/921/249 1154/922/249 1126/832/237 

v 488.54 127.338 59.3449
f 1165/923/234 1125/834/234 1166/924/234

f 1166/924/234 1125/834/234 1127/835/234

f 1166/925/250 1127/926/251 1156/927/251 1155/928/250 

f 1127/926/251 1128/929/252 1157/930/252 1156/927/251 

f 1128/931/252 1129/932/253 1158/933/253 1157/934/252 

f 1129/932/253 1130/935/254 1159/936/254 1158/933/253 

f 1130/937/254 1131/938/255 1160/939/255 1159/940/254 

f 1131/938/255 1132/941/256 1161/942/256 1160/939/255 

f 1132/943/256 1133/944/257 1162/945/257 1161/946/256 

f 1133/944/257 1134/947/238 1137/948/238 1162/945/257 

f 1165/921/249 1166/949/250 1155/950/250 1154/922/249 

v 478.743 128.628 59.3449
f 1138/951/240 1167/952/28 1163/953/28 1139/954/240 

v 478.913 129.918 59.3449
f 1167/955/234 1138/864/234 1168/956/234

f 1140/863/234 1168/956/234 1138/864/234

f 1168/957/258 1140/866/241 1143/869/241 1164/958/258 

f 1167/959/28 1168/957/258 1164/958/258 1163/960/28 

g Mesh15 Component_5_6 Coffe_Table Model

v 248.027 130.533 59.3449
v 247.421 131.322 59.3449
v 246.632 131.928 59.3449
v 245.713 132.309 59.3449
v 244.726 132.438 59.3449
v 243.74 132.309 59.3449
v 242.821 131.928 59.3449
v 242.032 131.322 59.3449
v 241.426 130.533 59.3449
v 241.045 129.614 59.3449
v 240.915 128.628 59.3449
v 241.045 127.641 59.3449
v 241.426 126.722 59.3449
v 242.032 125.933 59.3449
v 242.821 125.327 59.3449
v 243.74 124.947 59.3449
v 244.726 124.817 59.3449
v 245.713 124.947 59.3449
v 246.632 125.327 59.3449
v 247.421 125.933 59.3449
v 248.027 126.722 59.3449
v 248.407 127.641 59.3449
v 248.537 128.628 59.3449
v 248.407 129.614 59.3449
f 1169/797/234 1170/798/234 1171/799/234 1172/800/234 1173/801/234 1174/802/234 1175/803/234 1176/804/234 1177/805/234 1178/806/234 1179/807/234 1180/808/234 1181/809/234 1182/810/234 1183/811/234 1184/812/234 1185/813/234 1186/814/234 1187/815/234 1188/816/234 1189/817/234 1190/818/234 1191/819/234 1192/820/234 

v 248.25 132.152 59.3449
f 1169/821/234 1193/822/234 1170/823/234

f 1192/824/234 1193/822/234 1169/821/234

v 249.042 131.119 59.3449
f 1194/825/234 1193/822/234 1192/824/234

v 249.042 131.119 -437.227
v 248.25 132.152 -437.227
f 1193/826/235 1194/827/236 1195/828/236 1196/829/235 

v 249.54 129.918 59.3449
v 249.54 129.918 -437.227
f 1194/830/236 1197/831/237 1198/832/237 1195/833/236 

v 249.042 126.136 59.3449
f 1197/834/234 1194/825/234 1199/835/234

f 1194/825/234 1191/836/234 1199/835/234

f 1191/836/234 1194/825/234 1192/824/234

f 1191/836/234 1190/837/234 1199/835/234

v 248.25 125.104 59.3449
f 1199/835/234 1190/837/234 1200/838/234

f 1190/837/234 1189/839/234 1200/838/234

f 1189/839/234 1188/840/234 1200/838/234

v 247.218 124.312 59.3449
f 1200/838/234 1188/840/234 1201/841/234

f 1188/840/234 1187/842/234 1201/841/234

v 246.016 123.814 59.3449
f 1201/841/234 1187/842/234 1202/843/234

f 1187/842/234 1186/844/234 1202/843/234

v 244.726 123.644 59.3449
f 1202/843/234 1186/844/234 1203/845/234

f 1186/844/234 1185/846/234 1203/845/234

f 1185/846/234 1184/847/234 1203/845/234

v 243.436 123.814 59.3449
f 1203/845/234 1184/847/234 1204/848/234

f 1184/847/234 1183/849/234 1204/848/234

v 242.235 124.312 59.3449
f 1204/848/234 1183/849/234 1205/850/234

f 1183/849/234 1182/851/234 1205/850/234

f 1182/851/234 1181/852/234 1205/850/234

v 241.202 125.104 59.3449
f 1205/850/234 1181/852/234 1206/853/234

f 1181/852/234 1180/854/234 1206/853/234

f 1180/854/234 1179/855/234 1206/853/234

v 240.41 126.136 59.3449
f 1207/856/234 1206/853/234 1179/855/234

v 240.41 126.136 -437.227
v 241.202 125.104 -437.227
f 1206/857/238 1207/858/239 1208/859/239 1209/860/238 

v 239.913 127.338 59.3449
v 239.913 127.338 -437.227
f 1207/858/239 1210/861/240 1211/862/240 1208/859/239 

v 240.41 131.119 59.3449
f 1207/856/234 1212/863/234 1210/864/234

v 241.202 132.152 59.3449
f 1213/865/234 1212/863/234 1207/856/234

v 241.202 132.152 -437.227
v 240.41 131.119 -437.227
f 1212/866/241 1213/867/242 1214/868/242 1215/869/241 

v 242.235 132.944 59.3449
v 242.235 132.944 -437.227
f 1213/870/242 1216/871/243 1217/872/243 1214/873/242 

f 1216/874/234 1213/865/234 1177/875/234

f 1177/875/234 1213/865/234 1178/876/234

f 1178/876/234 1213/865/234 1179/855/234

f 1179/855/234 1213/865/234 1207/856/234

f 1176/877/234 1216/874/234 1177/875/234

f 1175/878/234 1216/874/234 1176/877/234

v 243.436 133.441 59.3449
f 1218/879/234 1216/874/234 1175/878/234

v 243.436 133.441 -437.227
f 1216/871/243 1218/880/244 1219/881/244 1217/872/243 

v 244.726 133.611 59.3449
v 244.726 133.611 -437.227
f 1218/882/244 1220/883/245 1221/884/245 1219/885/244 

f 1220/886/234 1218/879/234 1174/887/234

f 1174/887/234 1218/879/234 1175/878/234

f 1173/888/234 1220/886/234 1174/887/234

v 246.016 133.441 59.3449
f 1222/889/234 1220/886/234 1173/888/234

v 246.016 133.441 -437.227
f 1220/890/245 1222/889/246 1223/891/246 1221/892/245 

v 247.218 132.944 59.3449
v 247.218 132.944 -437.227
f 1222/889/246 1224/893/247 1225/894/247 1223/891/246 

f 1224/893/234 1222/889/234 1171/895/234

f 1171/895/234 1222/889/234 1172/896/234

f 1172/896/234 1222/889/234 1173/888/234

f 1170/823/234 1224/893/234 1171/895/234

f 1193/822/234 1224/893/234 1170/823/234

f 1224/897/247 1193/826/235 1196/829/235 1225/898/247 

v 249.71 128.628 -437.227
v 249.54 127.338 -437.227
v 249.042 126.136 -437.227
v 248.25 125.104 -437.227
v 247.218 124.312 -437.227
v 246.016 123.814 -437.227
v 244.726 123.644 -437.227
v 243.436 123.814 -437.227
v 242.235 124.312 -437.227
v 239.743 128.628 -437.227
v 239.913 129.918 -437.227
f 1225/894/248 1196/899/248 1195/900/248 1198/901/248 1226/902/248 1227/903/248 1228/904/248 1229/905/248 1230/906/248 1231/907/248 1232/908/248 1233/909/248 1234/910/248 1209/911/248 1208/912/248 1211/913/248 1235/914/248 1236/915/248 1215/916/248 1214/917/248 1217/918/248 1219/919/248 1221/920/248 1223/891/248 

v 249.71 128.628 59.3449
f 1197/831/237 1237/921/249 1226/922/249 1198/832/237 

v 249.54 127.338 59.3449
f 1237/923/234 1197/834/234 1238/924/234

f 1238/924/234 1197/834/234 1199/835/234

f 1238/925/250 1199/926/251 1228/927/251 1227/928/250 

f 1199/926/251 1200/929/252 1229/930/252 1228/927/251 

f 1200/931/252 1201/932/253 1230/933/253 1229/934/252 

f 1201/932/253 1202/935/254 1231/936/254 1230/933/253 

f 1202/937/254 1203/938/255 1232/939/255 1231/940/254 

f 1203/938/255 1204/941/256 1233/942/256 1232/939/255 

f 1204/943/256 1205/944/257 1234/945/257 1233/946/256 

f 1205/944/257 1206/947/238 1209/948/238 1234/945/257 

f 1237/921/249 1238/949/250 1227/950/250 1226/922/249 

v 239.743 128.628 59.3449
f 1210/951/240 1239/952/28 1235/953/28 1211/954/240 

v 239.913 129.918 59.3449
f 1239/955/234 1210/864/234 1240/956/234

f 1212/863/234 1240/956/234 1210/864/234

f 1240/957/258 1212/866/241 1215/869/241 1236/958/258 

f 1239/959/28 1240/957/258 1236/958/258 1235/960/28 

g Mesh16 Component_5_7 Coffe_Table Model

v -150.307 130.533 59.3449
v -150.912 131.322 59.3449
v -151.702 131.928 59.3449
v -152.621 132.309 59.3449
v -153.607 132.438 59.3449
v -154.593 132.309 59.3449
v -155.512 131.928 59.3449
v -156.302 131.322 59.3449
v -156.907 130.533 59.3449
v -157.288 129.614 59.3449
v -157.418 128.628 59.3449
v -157.288 127.641 59.3449
v -156.907 126.722 59.3449
v -156.302 125.933 59.3449
v -155.512 125.327 59.3449
v -154.593 124.947 59.3449
v -153.607 124.817 59.3449
v -152.621 124.947 59.3449
v -151.702 125.327 59.3449
v -150.912 125.933 59.3449
v -150.307 126.722 59.3449
v -149.926 127.641 59.3449
v -149.796 128.628 59.3449
v -149.926 129.614 59.3449
f 1241/797/234 1242/798/234 1243/799/234 1244/800/234 1245/801/234 1246/802/234 1247/803/234 1248/804/234 1249/805/234 1250/806/234 1251/807/234 1252/808/234 1253/809/234 1254/810/234 1255/811/234 1256/812/234 1257/813/234 1258/814/234 1259/815/234 1260/816/234 1261/817/234 1262/818/234 1263/819/234 1264/820/234 

v -150.083 132.152 59.3449
f 1241/821/234 1265/822/234 1242/823/234

f 1264/824/234 1265/822/234 1241/821/234

v -149.291 131.119 59.3449
f 1266/825/234 1265/822/234 1264/824/234

v -149.291 131.119 -437.227
v -150.083 132.152 -437.227
f 1265/826/235 1266/827/236 1267/828/236 1268/829/235 

v -148.793 129.918 59.3449
v -148.793 129.918 -437.227
f 1266/830/236 1269/831/237 1270/832/237 1267/833/236 

v -149.291 126.136 59.3449
f 1269/834/234 1266/825/234 1271/835/234

f 1266/825/234 1263/836/234 1271/835/234

f 1263/836/234 1266/825/234 1264/824/234

f 1263/836/234 1262/837/234 1271/835/234

v -150.083 125.104 59.3449
f 1271/835/234 1262/837/234 1272/838/234

f 1262/837/234 1261/839/234 1272/838/234

f 1261/839/234 1260/840/234 1272/838/234

v -151.115 124.312 59.3449
f 1272/838/234 1260/840/234 1273/841/234

f 1260/840/234 1259/842/234 1273/841/234

v -152.317 123.814 59.3449
f 1273/841/234 1259/842/234 1274/843/234

f 1259/842/234 1258/844/234 1274/843/234

v -153.607 123.644 59.3449
f 1274/843/234 1258/844/234 1275/845/234

f 1258/844/234 1257/846/234 1275/845/234

f 1257/846/234 1256/847/234 1275/845/234

v -154.897 123.814 59.3449
f 1275/845/234 1256/847/234 1276/848/234

f 1256/847/234 1255/849/234 1276/848/234

v -156.099 124.312 59.3449
f 1276/848/234 1255/849/234 1277/850/234

f 1255/849/234 1254/851/234 1277/850/234

f 1254/851/234 1253/852/234 1277/850/234

v -157.131 125.104 59.3449
f 1277/850/234 1253/852/234 1278/853/234

f 1253/852/234 1252/854/234 1278/853/234

f 1252/854/234 1251/855/234 1278/853/234

v -157.923 126.136 59.3449
f 1279/856/234 1278/853/234 1251/855/234

v -157.923 126.136 -437.227
v -157.131 125.104 -437.227
f 1278/857/238 1279/858/239 1280/859/239 1281/860/238 

v -158.421 127.338 59.3449
v -158.421 127.338 -437.227
f 1279/858/239 1282/861/240 1283/862/240 1280/859/239 

v -157.923 131.119 59.3449
f 1279/856/234 1284/863/234 1282/864/234

v -157.131 132.152 59.3449
f 1285/865/234 1284/863/234 1279/856/234

v -157.131 132.152 -437.227
v -157.923 131.119 -437.227
f 1284/866/241 1285/867/242 1286/868/242 1287/869/241 

v -156.099 132.944 59.3449
v -156.099 132.944 -437.227
f 1285/870/242 1288/871/243 1289/872/243 1286/873/242 

f 1288/874/234 1285/865/234 1249/875/234

f 1249/875/234 1285/865/234 1250/876/234

f 1250/876/234 1285/865/234 1251/855/234

f 1251/855/234 1285/865/234 1279/856/234

f 1248/877/234 1288/874/234 1249/875/234

f 1247/878/234 1288/874/234 1248/877/234

v -154.897 133.441 59.3449
f 1290/879/234 1288/874/234 1247/878/234

v -154.897 133.441 -437.227
f 1288/871/243 1290/880/244 1291/881/244 1289/872/243 

v -153.607 133.611 59.3449
v -153.607 133.611 -437.227
f 1290/882/244 1292/883/245 1293/884/245 1291/885/244 

f 1292/886/234 1290/879/234 1246/887/234

f 1246/887/234 1290/879/234 1247/878/234

f 1245/888/234 1292/886/234 1246/887/234

v -152.317 133.441 59.3449
f 1294/889/234 1292/886/234 1245/888/234

v -152.317 133.441 -437.227
f 1292/890/245 1294/889/246 1295/891/246 1293/892/245 

v -151.115 132.944 59.3449
v -151.115 132.944 -437.227
f 1294/889/246 1296/893/247 1297/894/247 1295/891/246 

f 1296/893/234 1294/889/234 1243/895/234

f 1243/895/234 1294/889/234 1244/896/234

f 1244/896/234 1294/889/234 1245/888/234

f 1242/823/234 1296/893/234 1243/895/234

f 1265/822/234 1296/893/234 1242/823/234

f 1296/897/247 1265/826/235 1268/829/235 1297/898/247 

v -148.624 128.628 -437.227
v -148.793 127.338 -437.227
v -149.291 126.136 -437.227
v -150.083 125.104 -437.227
v -151.115 124.312 -437.227
v -152.317 123.814 -437.227
v -153.607 123.644 -437.227
v -154.897 123.814 -437.227
v -156.099 124.312 -437.227
v -158.591 128.628 -437.227
v -158.421 129.918 -437.227
f 1297/894/248 1268/899/248 1267/900/248 1270/901/248 1298/902/248 1299/903/248 1300/904/248 1301/905/248 1302/906/248 1303/907/248 1304/908/248 1305/909/248 1306/910/248 1281/911/248 1280/912/248 1283/913/248 1307/914/248 1308/915/248 1287/916/248 1286/917/248 1289/918/248 1291/919/248 1293/920/248 1295/891/248 

v -148.624 128.628 59.3449
f 1269/831/237 1309/921/249 1298/922/249 1270/832/237 

v -148.793 127.338 59.3449
f 1309/923/234 1269/834/234 1310/924/234

f 1310/924/234 1269/834/234 1271/835/234

f 1310/925/250 1271/926/251 1300/927/251 1299/928/250 

f 1271/926/251 1272/929/252 1301/930/252 1300/927/251 

f 1272/931/252 1273/932/253 1302/933/253 1301/934/252 

f 1273/932/253 1274/935/254 1303/936/254 1302/933/253 

f 1274/937/254 1275/938/255 1304/939/255 1303/940/254 

f 1275/938/255 1276/941/256 1305/942/256 1304/939/255 

f 1276/943/256 1277/944/257 1306/945/257 1305/946/256 

f 1277/944/257 1278/947/238 1281/948/238 1306/945/257 

f 1309/921/249 1310/949/250 1299/950/250 1298/922/249 

v -158.591 128.628 59.3449
f 1282/951/240 1311/952/28 1307/953/28 1283/954/240 

v -158.421 129.918 59.3449
f 1311/955/234 1282/864/234 1312/956/234

f 1284/863/234 1312/956/234 1282/864/234

f 1312/957/258 1284/866/241 1287/869/241 1308/958/258 

f 1311/959/28 1312/957/258 1308/958/258 1307/960/28 

g Mesh17 Component_5_8 Coffe_Table Model

v -70.6401 130.533 59.3449
v -71.2457 131.322 59.3449
v -72.035 131.928 59.3449
v -72.9541 132.309 59.3449
v -73.9404 132.438 59.3449
v -74.9267 132.309 59.3449
v -75.8458 131.928 59.3449
v -76.635 131.322 59.3449
v -77.2406 130.533 59.3449
v -77.6213 129.614 59.3449
v -77.7512 128.628 59.3449
v -77.6213 127.641 59.3449
v -77.2406 126.722 59.3449
v -76.635 125.933 59.3449
v -75.8458 125.327 59.3449
v -74.9267 124.947 59.3449
v -73.9404 124.817 59.3449
v -72.9541 124.947 59.3449
v -72.035 125.327 59.3449
v -71.2457 125.933 59.3449
v -70.6401 126.722 59.3449
v -70.2594 127.641 59.3449
v -70.1296 128.628 59.3449
v -70.2594 129.614 59.3449
f 1313/797/234 1314/798/234 1315/799/234 1316/800/234 1317/801/234 1318/802/234 1319/803/234 1320/804/234 1321/805/234 1322/806/234 1323/807/234 1324/808/234 1325/809/234 1326/810/234 1327/811/234 1328/812/234 1329/813/234 1330/814/234 1331/815/234 1332/816/234 1333/817/234 1334/818/234 1335/819/234 1336/820/234 

v -70.4165 132.152 59.3449
f 1313/821/234 1337/822/234 1314/823/234

f 1336/824/234 1337/822/234 1313/821/234

v -69.6246 131.119 59.3449
f 1338/825/234 1337/822/234 1336/824/234

v -69.6246 131.119 -437.227
v -70.4165 132.152 -437.227
f 1337/826/235 1338/827/236 1339/828/236 1340/829/235 

v -69.1267 129.918 59.3449
v -69.1267 129.918 -437.227
f 1338/830/236 1341/831/237 1342/832/237 1339/833/236 

v -69.6246 126.136 59.3449
f 1341/834/234 1338/825/234 1343/835/234

f 1338/825/234 1335/836/234 1343/835/234

f 1335/836/234 1338/825/234 1336/824/234

f 1335/836/234 1334/837/234 1343/835/234

v -70.4165 125.104 59.3449
f 1343/835/234 1334/837/234 1344/838/234

f 1334/837/234 1333/839/234 1344/838/234

f 1333/839/234 1332/840/234 1344/838/234

v -71.4486 124.312 59.3449
f 1344/838/234 1332/840/234 1345/841/234

f 1332/840/234 1331/842/234 1345/841/234

v -72.6506 123.814 59.3449
f 1345/841/234 1331/842/234 1346/843/234

f 1331/842/234 1330/844/234 1346/843/234

v -73.9404 123.644 59.3449
f 1346/843/234 1330/844/234 1347/845/234

f 1330/844/234 1329/846/234 1347/845/234

f 1329/846/234 1328/847/234 1347/845/234

v -75.2302 123.814 59.3449
f 1347/845/234 1328/847/234 1348/848/234

f 1328/847/234 1327/849/234 1348/848/234

v -76.4321 124.312 59.3449
f 1348/848/234 1327/849/234 1349/850/234

f 1327/849/234 1326/851/234 1349/850/234

f 1326/851/234 1325/852/234 1349/850/234

v -77.4642 125.104 59.3449
f 1349/850/234 1325/852/234 1350/853/234

f 1325/852/234 1324/854/234 1350/853/234

f 1324/854/234 1323/855/234 1350/853/234

v -78.2562 126.136 59.3449
f 1351/856/234 1350/853/234 1323/855/234

v -78.2562 126.136 -437.227
v -77.4642 125.104 -437.227
f 1350/857/238 1351/858/239 1352/859/239 1353/860/238 

v -78.7541 127.338 59.3449
v -78.7541 127.338 -437.227
f 1351/858/239 1354/861/240 1355/862/240 1352/859/239 

v -78.2562 131.119 59.3449
f 1351/856/234 1356/863/234 1354/864/234

v -77.4642 132.152 59.3449
f 1357/865/234 1356/863/234 1351/856/234

v -77.4642 132.152 -437.227
v -78.2562 131.119 -437.227
f 1356/866/241 1357/867/242 1358/868/242 1359/869/241 

v -76.4321 132.944 59.3449
v -76.4321 132.944 -437.227
f 1357/870/242 1360/871/243 1361/872/243 1358/873/242 

f 1360/874/234 1357/865/234 1321/875/234

f 1321/875/234 1357/865/234 1322/876/234

f 1322/876/234 1357/865/234 1323/855/234

f 1323/855/234 1357/865/234 1351/856/234

f 1320/877/234 1360/874/234 1321/875/234

f 1319/878/234 1360/874/234 1320/877/234

v -75.2302 133.441 59.3449
f 1362/879/234 1360/874/234 1319/878/234

v -75.2302 133.441 -437.227
f 1360/871/243 1362/880/244 1363/881/244 1361/872/243 

v -73.9404 133.611 59.3449
v -73.9404 133.611 -437.227
f 1362/882/244 1364/883/245 1365/884/245 1363/885/244 

f 1364/886/234 1362/879/234 1318/887/234

f 1318/887/234 1362/879/234 1319/878/234

f 1317/888/234 1364/886/234 1318/887/234

v -72.6506 133.441 59.3449
f 1366/889/234 1364/886/234 1317/888/234

v -72.6506 133.441 -437.227
f 1364/890/245 1366/889/246 1367/891/246 1365/892/245 

v -71.4486 132.944 59.3449
v -71.4486 132.944 -437.227
f 1366/889/246 1368/893/247 1369/894/247 1367/891/246 

f 1368/893/234 1366/889/234 1315/895/234

f 1315/895/234 1366/889/234 1316/896/234

f 1316/896/234 1366/889/234 1317/888/234

f 1314/823/234 1368/893/234 1315/895/234

f 1337/822/234 1368/893/234 1314/823/234

f 1368/897/247 1337/826/235 1340/829/235 1369/898/247 

v -68.9569 128.628 -437.227
v -69.1267 127.338 -437.227
v -69.6246 126.136 -437.227
v -70.4165 125.104 -437.227
v -71.4486 124.312 -437.227
v -72.6506 123.814 -437.227
v -73.9404 123.644 -437.227
v -75.2302 123.814 -437.227
v -76.4321 124.312 -437.227
v -78.9239 128.628 -437.227
v -78.7541 129.918 -437.227
f 1369/894/248 1340/899/248 1339/900/248 1342/901/248 1370/902/248 1371/903/248 1372/904/248 1373/905/248 1374/906/248 1375/907/248 1376/908/248 1377/909/248 1378/910/248 1353/911/248 1352/912/248 1355/913/248 1379/914/248 1380/915/248 1359/916/248 1358/917/248 1361/918/248 1363/919/248 1365/920/248 1367/891/248 

v -68.9569 128.628 59.3449
f 1341/831/237 1381/921/249 1370/922/249 1342/832/237 

v -69.1267 127.338 59.3449
f 1381/923/234 1341/834/234 1382/924/234

f 1382/924/234 1341/834/234 1343/835/234

f 1382/925/250 1343/926/251 1372/927/251 1371/928/250 

f 1343/926/251 1344/929/252 1373/930/252 1372/927/251 

f 1344/931/252 1345/932/253 1374/933/253 1373/934/252 

f 1345/932/253 1346/935/254 1375/936/254 1374/933/253 

f 1346/937/254 1347/938/255 1376/939/255 1375/940/254 

f 1347/938/255 1348/941/256 1377/942/256 1376/939/255 

f 1348/943/256 1349/944/257 1378/945/257 1377/946/256 

f 1349/944/257 1350/947/238 1353/948/238 1378/945/257 

f 1381/921/249 1382/949/250 1371/950/250 1370/922/249 

v -78.9239 128.628 59.3449
f 1354/951/240 1383/952/28 1379/953/28 1355/954/240 

v -78.7541 129.918 59.3449
f 1383/955/234 1354/864/234 1384/956/234

f 1356/863/234 1384/956/234 1354/864/234

f 1384/957/258 1356/866/241 1359/869/241 1380/958/258 

f 1383/959/28 1384/957/258 1380/958/258 1379/960/28 

g Mesh18 Component_5_9 Coffe_Table Model

v 327.693 130.533 59.3449
v 327.088 131.322 59.3449
v 326.298 131.928 59.3449
v 325.379 132.309 59.3449
v 324.393 132.438 59.3449
v 323.407 132.309 59.3449
v 322.488 131.928 59.3449
v 321.698 131.322 59.3449
v 321.093 130.533 59.3449
v 320.712 129.614 59.3449
v 320.582 128.628 59.3449
v 320.712 127.641 59.3449
v 321.093 126.722 59.3449
v 321.698 125.933 59.3449
v 322.488 125.327 59.3449
v 323.407 124.947 59.3449
v 324.393 124.817 59.3449
v 325.379 124.947 59.3449
v 326.298 125.327 59.3449
v 327.088 125.933 59.3449
v 327.693 126.722 59.3449
v 328.074 127.641 59.3449
v 328.204 128.628 59.3449
v 328.074 129.614 59.3449
f 1385/797/234 1386/798/234 1387/799/234 1388/800/234 1389/801/234 1390/802/234 1391/803/234 1392/804/234 1393/805/234 1394/806/234 1395/807/234 1396/808/234 1397/809/234 1398/810/234 1399/811/234 1400/812/234 1401/813/234 1402/814/234 1403/815/234 1404/816/234 1405/817/234 1406/818/234 1407/819/234 1408/820/234 

v 327.917 132.152 59.3449
f 1385/821/234 1409/822/234 1386/823/234

f 1408/824/234 1409/822/234 1385/821/234

v 328.709 131.119 59.3449
f 1410/825/234 1409/822/234 1408/824/234

v 328.709 131.119 -437.227
v 327.917 132.152 -437.227
f 1409/826/235 1410/827/236 1411/828/236 1412/829/235 

v 329.207 129.918 59.3449
v 329.207 129.918 -437.227
f 1410/830/236 1413/831/237 1414/832/237 1411/833/236 

v 328.709 126.136 59.3449
f 1413/834/234 1410/825/234 1415/835/234

f 1410/825/234 1407/836/234 1415/835/234

f 1407/836/234 1410/825/234 1408/824/234

f 1407/836/234 1406/837/234 1415/835/234

v 327.917 125.104 59.3449
f 1415/835/234 1406/837/234 1416/838/234

f 1406/837/234 1405/839/234 1416/838/234

f 1405/839/234 1404/840/234 1416/838/234

v 326.885 124.312 59.3449
f 1416/838/234 1404/840/234 1417/841/234

f 1404/840/234 1403/842/234 1417/841/234

v 325.683 123.814 59.3449
f 1417/841/234 1403/842/234 1418/843/234

f 1403/842/234 1402/844/234 1418/843/234

v 324.393 123.644 59.3449
f 1418/843/234 1402/844/234 1419/845/234

f 1402/844/234 1401/846/234 1419/845/234

f 1401/846/234 1400/847/234 1419/845/234

v 323.103 123.814 59.3449
f 1419/845/234 1400/847/234 1420/848/234

f 1400/847/234 1399/849/234 1420/848/234

v 321.901 124.312 59.3449
f 1420/848/234 1399/849/234 1421/850/234

f 1399/849/234 1398/851/234 1421/850/234

f 1398/851/234 1397/852/234 1421/850/234

v 320.869 125.104 59.3449
f 1421/850/234 1397/852/234 1422/853/234

f 1397/852/234 1396/854/234 1422/853/234

f 1396/854/234 1395/855/234 1422/853/234

v 320.077 126.136 59.3449
f 1423/856/234 1422/853/234 1395/855/234

v 320.077 126.136 -437.227
v 320.869 125.104 -437.227
f 1422/857/238 1423/858/239 1424/859/239 1425/860/238 

v 319.579 127.338 59.3449
v 319.579 127.338 -437.227
f 1423/858/239 1426/861/240 1427/862/240 1424/859/239 

v 320.077 131.119 59.3449
f 1423/856/234 1428/863/234 1426/864/234

v 320.869 132.152 59.3449
f 1429/865/234 1428/863/234 1423/856/234

v 320.869 132.152 -437.227
v 320.077 131.119 -437.227
f 1428/866/241 1429/867/242 1430/868/242 1431/869/241 

v 321.901 132.944 59.3449
v 321.901 132.944 -437.227
f 1429/870/242 1432/871/243 1433/872/243 1430/873/242 

f 1432/874/234 1429/865/234 1393/875/234

f 1393/875/234 1429/865/234 1394/876/234

f 1394/876/234 1429/865/234 1395/855/234

f 1395/855/234 1429/865/234 1423/856/234

f 1392/877/234 1432/874/234 1393/875/234

f 1391/878/234 1432/874/234 1392/877/234

v 323.103 133.441 59.3449
f 1434/879/234 1432/874/234 1391/878/234

v 323.103 133.441 -437.227
f 1432/871/243 1434/880/244 1435/881/244 1433/872/243 

v 324.393 133.611 59.3449
v 324.393 133.611 -437.227
f 1434/882/244 1436/883/245 1437/884/245 1435/885/244 

f 1436/886/234 1434/879/234 1390/887/234

f 1390/887/234 1434/879/234 1391/878/234

f 1389/888/234 1436/886/234 1390/887/234

v 325.683 133.441 59.3449
f 1438/889/234 1436/886/234 1389/888/234

v 325.683 133.441 -437.227
f 1436/890/245 1438/889/246 1439/891/246 1437/892/245 

v 326.885 132.944 59.3449
v 326.885 132.944 -437.227
f 1438/889/246 1440/893/247 1441/894/247 1439/891/246 

f 1440/893/234 1438/889/234 1387/895/234

f 1387/895/234 1438/889/234 1388/896/234

f 1388/896/234 1438/889/234 1389/888/234

f 1386/823/234 1440/893/234 1387/895/234

f 1409/822/234 1440/893/234 1386/823/234

f 1440/897/247 1409/826/235 1412/829/235 1441/898/247 

v 329.376 128.628 -437.227
v 329.207 127.338 -437.227
v 328.709 126.136 -437.227
v 327.917 125.104 -437.227
v 326.885 124.312 -437.227
v 325.683 123.814 -437.227
v 324.393 123.644 -437.227
v 323.103 123.814 -437.227
v 321.901 124.312 -437.227
v 319.409 128.628 -437.227
v 319.579 129.918 -437.227
f 1441/894/248 1412/899/248 1411/900/248 1414/901/248 1442/902/248 1443/903/248 1444/904/248 1445/905/248 1446/906/248 1447/907/248 1448/908/248 1449/909/248 1450/910/248 1425/911/248 1424/912/248 1427/913/248 1451/914/248 1452/915/248 1431/916/248 1430/917/248 1433/918/248 1435/919/248 1437/920/248 1439/891/248 

v 329.376 128.628 59.3449
f 1413/831/237 1453/921/249 1442/922/249 1414/832/237 

v 329.207 127.338 59.3449
f 1453/923/234 1413/834/234 1454/924/234

f 1454/924/234 1413/834/234 1415/835/234

f 1454/925/250 1415/926/251 1444/927/251 1443/928/250 

f 1415/926/251 1416/929/252 1445/930/252 1444/927/251 

f 1416/931/252 1417/932/253 1446/933/253 1445/934/252 

f 1417/932/253 1418/935/254 1447/936/254 1446/933/253 

f 1418/937/254 1419/938/255 1448/939/255 1447/940/254 

f 1419/938/255 1420/941/256 1449/942/256 1448/939/255 

f 1420/943/256 1421/944/257 1450/945/257 1449/946/256 

f 1421/944/257 1422/947/238 1425/948/238 1450/945/257 

f 1453/921/249 1454/949/250 1443/950/250 1442/922/249 

v 319.409 128.628 59.3449
f 1426/951/240 1455/952/28 1451/953/28 1427/954/240 

v 319.579 129.918 59.3449
f 1455/955/234 1426/864/234 1456/956/234

f 1428/863/234 1456/956/234 1426/864/234

f 1456/957/258 1428/866/241 1431/869/241 1452/958/258 

f 1455/959/28 1456/957/258 1452/958/258 1451/960/28 

g Mesh19 Component_5_10 Coffe_Table Model

v 168.36 130.533 59.3449
v 167.754 131.322 59.3449
v 166.965 131.928 59.3449
v 166.046 132.309 59.3449
v 165.06 132.438 59.3449
v 164.073 132.309 59.3449
v 163.154 131.928 59.3449
v 162.365 131.322 59.3449
v 161.759 130.533 59.3449
v 161.379 129.614 59.3449
v 161.249 128.628 59.3449
v 161.379 127.641 59.3449
v 161.759 126.722 59.3449
v 162.365 125.933 59.3449
v 163.154 125.327 59.3449
v 164.073 124.947 59.3449
v 165.06 124.817 59.3449
v 166.046 124.947 59.3449
v 166.965 125.327 59.3449
v 167.754 125.933 59.3449
v 168.36 126.722 59.3449
v 168.741 127.641 59.3449
v 168.87 128.628 59.3449
v 168.741 129.614 59.3449
f 1457/797/234 1458/798/234 1459/799/234 1460/800/234 1461/801/234 1462/802/234 1463/803/234 1464/804/234 1465/805/234 1466/806/234 1467/807/234 1468/808/234 1469/809/234 1470/810/234 1471/811/234 1472/812/234 1473/813/234 1474/814/234 1475/815/234 1476/816/234 1477/817/234 1478/818/234 1479/819/234 1480/820/234 

v 168.583 132.152 59.3449
f 1457/821/234 1481/822/234 1458/823/234

f 1480/824/234 1481/822/234 1457/821/234

v 169.375 131.119 59.3449
f 1482/825/234 1481/822/234 1480/824/234

v 169.375 131.119 -437.227
v 168.583 132.152 -437.227
f 1481/826/235 1482/827/236 1483/828/236 1484/829/235 

v 169.873 129.918 59.3449
v 169.873 129.918 -437.227
f 1482/830/236 1485/831/237 1486/832/237 1483/833/236 

v 169.375 126.136 59.3449
f 1485/834/234 1482/825/234 1487/835/234

f 1482/825/234 1479/836/234 1487/835/234

f 1479/836/234 1482/825/234 1480/824/234

f 1479/836/234 1478/837/234 1487/835/234

v 168.583 125.104 59.3449
f 1487/835/234 1478/837/234 1488/838/234

f 1478/837/234 1477/839/234 1488/838/234

f 1477/839/234 1476/840/234 1488/838/234

v 167.551 124.312 59.3449
f 1488/838/234 1476/840/234 1489/841/234

f 1476/840/234 1475/842/234 1489/841/234

v 166.349 123.814 59.3449
f 1489/841/234 1475/842/234 1490/843/234

f 1475/842/234 1474/844/234 1490/843/234

v 165.06 123.644 59.3449
f 1490/843/234 1474/844/234 1491/845/234

f 1474/844/234 1473/846/234 1491/845/234

f 1473/846/234 1472/847/234 1491/845/234

v 163.77 123.814 59.3449
f 1491/845/234 1472/847/234 1492/848/234

f 1472/847/234 1471/849/234 1492/848/234

v 162.568 124.312 59.3449
f 1492/848/234 1471/849/234 1493/850/234

f 1471/849/234 1470/851/234 1493/850/234

f 1470/851/234 1469/852/234 1493/850/234

v 161.536 125.104 59.3449
f 1493/850/234 1469/852/234 1494/853/234

f 1469/852/234 1468/854/234 1494/853/234

f 1468/854/234 1467/855/234 1494/853/234

v 160.744 126.136 59.3449
f 1495/856/234 1494/853/234 1467/855/234

v 160.744 126.136 -437.227
v 161.536 125.104 -437.227
f 1494/857/238 1495/858/239 1496/859/239 1497/860/238 

v 160.246 127.338 59.3449
v 160.246 127.338 -437.227
f 1495/858/239 1498/861/240 1499/862/240 1496/859/239 

v 160.744 131.119 59.3449
f 1495/856/234 1500/863/234 1498/864/234

v 161.536 132.152 59.3449
f 1501/865/234 1500/863/234 1495/856/234

v 161.536 132.152 -437.227
v 160.744 131.119 -437.227
f 1500/866/241 1501/867/242 1502/868/242 1503/869/241 

v 162.568 132.944 59.3449
v 162.568 132.944 -437.227
f 1501/870/242 1504/871/243 1505/872/243 1502/873/242 

f 1504/874/234 1501/865/234 1465/875/234

f 1465/875/234 1501/865/234 1466/876/234

f 1466/876/234 1501/865/234 1467/855/234

f 1467/855/234 1501/865/234 1495/856/234

f 1464/877/234 1504/874/234 1465/875/234

f 1463/878/234 1504/874/234 1464/877/234

v 163.77 133.441 59.3449
f 1506/879/234 1504/874/234 1463/878/234

v 163.77 133.441 -437.227
f 1504/871/243 1506/880/244 1507/881/244 1505/872/243 

v 165.06 133.611 59.3449
v 165.06 133.611 -437.227
f 1506/882/244 1508/883/245 1509/884/245 1507/885/244 

f 1508/886/234 1506/879/234 1462/887/234

f 1462/887/234 1506/879/234 1463/878/234

f 1461/888/234 1508/886/234 1462/887/234

v 166.349 133.441 59.3449
f 1510/889/234 1508/886/234 1461/888/234

v 166.349 133.441 -437.227
f 1508/890/245 1510/889/246 1511/891/246 1509/892/245 

v 167.551 132.944 59.3449
v 167.551 132.944 -437.227
f 1510/889/246 1512/893/247 1513/894/247 1511/891/246 

f 1512/893/234 1510/889/234 1459/895/234

f 1459/895/234 1510/889/234 1460/896/234

f 1460/896/234 1510/889/234 1461/888/234

f 1458/823/234 1512/893/234 1459/895/234

f 1481/822/234 1512/893/234 1458/823/234

f 1512/897/247 1481/826/235 1484/829/235 1513/898/247 

v 170.043 128.628 -437.227
v 169.873 127.338 -437.227
v 169.375 126.136 -437.227
v 168.583 125.104 -437.227
v 167.551 124.312 -437.227
v 166.349 123.814 -437.227
v 165.06 123.644 -437.227
v 163.77 123.814 -437.227
v 162.568 124.312 -437.227
v 160.076 128.628 -437.227
v 160.246 129.918 -437.227
f 1513/894/248 1484/899/248 1483/900/248 1486/901/248 1514/902/248 1515/903/248 1516/904/248 1517/905/248 1518/906/248 1519/907/248 1520/908/248 1521/909/248 1522/910/248 1497/911/248 1496/912/248 1499/913/248 1523/914/248 1524/915/248 1503/916/248 1502/917/248 1505/918/248 1507/919/248 1509/920/248 1511/891/248 

v 170.043 128.628 59.3449
f 1485/831/237 1525/921/249 1514/922/249 1486/832/237 

v 169.873 127.338 59.3449
f 1525/923/234 1485/834/234 1526/924/234

f 1526/924/234 1485/834/234 1487/835/234

f 1526/925/250 1487/926/251 1516/927/251 1515/928/250 

f 1487/926/251 1488/929/252 1517/930/252 1516/927/251 

f 1488/931/252 1489/932/253 1518/933/253 1517/934/252 

f 1489/932/253 1490/935/254 1519/936/254 1518/933/253 

f 1490/937/254 1491/938/255 1520/939/255 1519/940/254 

f 1491/938/255 1492/941/256 1521/942/256 1520/939/255 

f 1492/943/256 1493/944/257 1522/945/257 1521/946/256 

f 1493/944/257 1494/947/238 1497/948/238 1522/945/257 

f 1525/921/249 1526/949/250 1515/950/250 1514/922/249 

v 160.076 128.628 59.3449
f 1498/951/240 1527/952/28 1523/953/28 1499/954/240 

v 160.246 129.918 59.3449
f 1527/955/234 1498/864/234 1528/956/234

f 1500/863/234 1528/956/234 1498/864/234

f 1528/957/258 1500/866/241 1503/869/241 1524/958/258 

f 1527/959/28 1528/957/258 1524/958/258 1523/960/28 

g Mesh20 Component_5_11 Coffe_Table Model

v 9.02653 130.533 59.3449
v 8.42092 131.322 59.3449
v 7.63168 131.928 59.3449
v 6.71259 132.309 59.3449
v 5.72628 132.438 59.3449
v 4.73997 132.309 59.3449
v 3.82088 131.928 59.3449
v 3.03164 131.322 59.3449
v 2.42603 130.533 59.3449
v 2.04533 129.614 59.3449
v 1.91548 128.628 59.3449
v 2.04533 127.641 59.3449
v 2.42603 126.722 59.3449
v 3.03164 125.933 59.3449
v 3.82088 125.327 59.3449
v 4.73997 124.947 59.3449
v 5.72628 124.817 59.3449
v 6.71259 124.947 59.3449
v 7.63168 125.327 59.3449
v 8.42092 125.933 59.3449
v 9.02653 126.722 59.3449
v 9.40723 127.641 59.3449
v 9.53708 128.628 59.3449
v 9.40723 129.614 59.3449
f 1529/797/234 1530/798/234 1531/799/234 1532/800/234 1533/801/234 1534/802/234 1535/803/234 1536/804/234 1537/805/234 1538/806/234 1539/807/234 1540/808/234 1541/809/234 1542/810/234 1543/811/234 1544/812/234 1545/813/234 1546/814/234 1547/815/234 1548/816/234 1549/817/234 1550/818/234 1551/819/234 1552/820/234 

v 9.25013 132.152 59.3449
f 1529/821/234 1553/822/234 1530/823/234

f 1552/824/234 1553/822/234 1529/821/234

v 10.0421 131.119 59.3449
f 1554/825/234 1553/822/234 1552/824/234

v 10.0421 131.119 -437.227
v 9.25013 132.152 -437.227
f 1553/826/235 1554/827/236 1555/828/236 1556/829/235 

v 10.5399 129.918 59.3449
v 10.5399 129.918 -437.227
f 1554/830/236 1557/831/237 1558/832/237 1555/833/236 

v 10.0421 126.136 59.3449
f 1557/834/234 1554/825/234 1559/835/234

f 1554/825/234 1551/836/234 1559/835/234

f 1551/836/234 1554/825/234 1552/824/234

f 1551/836/234 1550/837/234 1559/835/234

v 9.25013 125.104 59.3449
f 1559/835/234 1550/837/234 1560/838/234

f 1550/837/234 1549/839/234 1560/838/234

f 1549/839/234 1548/840/234 1560/838/234

v 8.21802 124.312 59.3449
f 1560/838/234 1548/840/234 1561/841/234

f 1548/840/234 1547/842/234 1561/841/234

v 7.0161 123.814 59.3449
f 1561/841/234 1547/842/234 1562/843/234

f 1547/842/234 1546/844/234 1562/843/234

v 5.72628 123.644 59.3449
f 1562/843/234 1546/844/234 1563/845/234

f 1546/844/234 1545/846/234 1563/845/234

f 1545/846/234 1544/847/234 1563/845/234

v 4.43646 123.814 59.3449
f 1563/845/234 1544/847/234 1564/848/234

f 1544/847/234 1543/849/234 1564/848/234

v 3.23454 124.312 59.3449
f 1564/848/234 1543/849/234 1565/850/234

f 1543/849/234 1542/851/234 1565/850/234

f 1542/851/234 1541/852/234 1565/850/234

v 2.20243 125.104 59.3449
f 1565/850/234 1541/852/234 1566/853/234

f 1541/852/234 1540/854/234 1566/853/234

f 1540/854/234 1539/855/234 1566/853/234

v 1.41047 126.136 59.3449
f 1567/856/234 1566/853/234 1539/855/234

v 1.41047 126.136 -437.227
v 2.20243 125.104 -437.227
f 1566/857/238 1567/858/239 1568/859/239 1569/860/238 

v 0.912614 127.338 59.3449
v 0.912614 127.338 -437.227
f 1567/858/239 1570/861/240 1571/862/240 1568/859/239 

v 1.41047 131.119 59.3449
f 1567/856/234 1572/863/234 1570/864/234

v 2.20243 132.152 59.3449
f 1573/865/234 1572/863/234 1567/856/234

v 2.20243 132.152 -437.227
v 1.41047 131.119 -437.227
f 1572/866/241 1573/867/242 1574/868/242 1575/869/241 

v 3.23454 132.944 59.3449
v 3.23454 132.944 -437.227
f 1573/870/242 1576/871/243 1577/872/243 1574/873/242 

f 1576/874/234 1573/865/234 1537/875/234

f 1537/875/234 1573/865/234 1538/876/234

f 1538/876/234 1573/865/234 1539/855/234

f 1539/855/234 1573/865/234 1567/856/234

f 1536/877/234 1576/874/234 1537/875/234

f 1535/878/234 1576/874/234 1536/877/234

v 4.43646 133.441 59.3449
f 1578/879/234 1576/874/234 1535/878/234

v 4.43646 133.441 -437.227
f 1576/871/243 1578/880/244 1579/881/244 1577/872/243 

v 5.72628 133.611 59.3449
v 5.72628 133.611 -437.227
f 1578/882/244 1580/883/245 1581/884/245 1579/885/244 

f 1580/886/234 1578/879/234 1534/887/234

f 1534/887/234 1578/879/234 1535/878/234

f 1533/888/234 1580/886/234 1534/887/234

v 7.0161 133.441 59.3449
f 1582/889/234 1580/886/234 1533/888/234

v 7.0161 133.441 -437.227
f 1580/890/245 1582/889/246 1583/891/246 1581/892/245 

v 8.21802 132.944 59.3449
v 8.21802 132.944 -437.227
f 1582/889/246 1584/893/247 1585/894/247 1583/891/246 

f 1584/893/234 1582/889/234 1531/895/234

f 1531/895/234 1582/889/234 1532/896/234

f 1532/896/234 1582/889/234 1533/888/234

f 1530/823/234 1584/893/234 1531/895/234

f 1553/822/234 1584/893/234 1530/823/234

f 1584/897/247 1553/826/235 1556/829/235 1585/898/247 

v 10.7098 128.628 -437.227
v 10.5399 127.338 -437.227
v 10.0421 126.136 -437.227
v 9.25013 125.104 -437.227
v 8.21802 124.312 -437.227
v 7.0161 123.814 -437.227
v 5.72628 123.644 -437.227
v 4.43646 123.814 -437.227
v 3.23454 124.312 -437.227
v 0.742806 128.628 -437.227
v 0.912614 129.918 -437.227
f 1585/894/248 1556/899/248 1555/900/248 1558/901/248 1586/902/248 1587/903/248 1588/904/248 1589/905/248 1590/906/248 1591/907/248 1592/908/248 1593/909/248 1594/910/248 1569/911/248 1568/912/248 1571/913/248 1595/914/248 1596/915/248 1575/916/248 1574/917/248 1577/918/248 1579/919/248 1581/920/248 1583/891/248 

v 10.7098 128.628 59.3449
f 1557/831/237 1597/921/249 1586/922/249 1558/832/237 

v 10.5399 127.338 59.3449
f 1597/923/234 1557/834/234 1598/924/234

f 1598/924/234 1557/834/234 1559/835/234

f 1598/925/250 1559/926/251 1588/927/251 1587/928/250 

f 1559/926/251 1560/929/252 1589/930/252 1588/927/251 

f 1560/931/252 1561/932/253 1590/933/253 1589/934/252 

f 1561/932/253 1562/935/254 1591/936/254 1590/933/253 

f 1562/937/254 1563/938/255 1592/939/255 1591/940/254 

f 1563/938/255 1564/941/256 1593/942/256 1592/939/255 

f 1564/943/256 1565/944/257 1594/945/257 1593/946/256 

f 1565/944/257 1566/947/238 1569/948/238 1594/945/257 

f 1597/921/249 1598/949/250 1587/950/250 1586/922/249 

v 0.742806 128.628 59.3449
f 1570/951/240 1599/952/28 1595/953/28 1571/954/240 

v 0.912614 129.918 59.3449
f 1599/955/234 1570/864/234 1600/956/234

f 1572/863/234 1600/956/234 1570/864/234

f 1600/957/258 1572/866/241 1575/869/241 1596/958/258 

f 1599/959/28 1600/957/258 1596/958/258 1595/960/28 

g Mesh21 Component_5_12 Coffe_Table Model

v 88.6932 130.533 59.3449
v 88.0876 131.322 59.3449
v 87.2983 131.928 59.3449
v 86.3793 132.309 59.3449
v 85.3929 132.438 59.3449
v 84.4066 132.309 59.3449
v 83.4875 131.928 59.3449
v 82.6983 131.322 59.3449
v 82.0927 130.533 59.3449
v 81.712 129.614 59.3449
v 81.5821 128.628 59.3449
v 81.712 127.641 59.3449
v 82.0927 126.722 59.3449
v 82.6983 125.933 59.3449
v 83.4875 125.327 59.3449
v 84.4066 124.947 59.3449
v 85.3929 124.817 59.3449
v 86.3793 124.947 59.3449
v 87.2983 125.327 59.3449
v 88.0876 125.933 59.3449
v 88.6932 126.722 59.3449
v 89.0739 127.641 59.3449
v 89.2037 128.628 59.3449
v 89.0739 129.614 59.3449
f 1601/797/234 1602/798/234 1603/799/234 1604/800/234 1605/801/234 1606/802/234 1607/803/234 1608/804/234 1609/805/234 1610/806/234 1611/807/234 1612/808/234 1613/809/234 1614/810/234 1615/811/234 1616/812/234 1617/813/234 1618/814/234 1619/815/234 1620/816/234 1621/817/234 1622/818/234 1623/819/234 1624/820/234 

v 88.9168 132.152 59.3449
f 1601/821/234 1625/822/234 1602/823/234

f 1624/824/234 1625/822/234 1601/821/234

v 89.7088 131.119 59.3449
f 1626/825/234 1625/822/234 1624/824/234

v 89.7088 131.119 -437.227
v 88.9168 132.152 -437.227
f 1625/826/235 1626/827/236 1627/828/236 1628/829/235 

v 90.2066 129.918 59.3449
v 90.2066 129.918 -437.227
f 1626/830/236 1629/831/237 1630/832/237 1627/833/236 

v 89.7088 126.136 59.3449
f 1629/834/234 1626/825/234 1631/835/234

f 1626/825/234 1623/836/234 1631/835/234

f 1623/836/234 1626/825/234 1624/824/234

f 1623/836/234 1622/837/234 1631/835/234

v 88.9168 125.104 59.3449
f 1631/835/234 1622/837/234 1632/838/234

f 1622/837/234 1621/839/234 1632/838/234

f 1621/839/234 1620/840/234 1632/838/234

v 87.8847 124.312 59.3449
f 1632/838/234 1620/840/234 1633/841/234

f 1620/840/234 1619/842/234 1633/841/234

v 86.6828 123.814 59.3449
f 1633/841/234 1619/842/234 1634/843/234

f 1619/842/234 1618/844/234 1634/843/234

v 85.3929 123.644 59.3449
f 1634/843/234 1618/844/234 1635/845/234

f 1618/844/234 1617/846/234 1635/845/234

f 1617/846/234 1616/847/234 1635/845/234

v 84.1031 123.814 59.3449
f 1635/845/234 1616/847/234 1636/848/234

f 1616/847/234 1615/849/234 1636/848/234

v 82.9012 124.312 59.3449
f 1636/848/234 1615/849/234 1637/850/234

f 1615/849/234 1614/851/234 1637/850/234

f 1614/851/234 1613/852/234 1637/850/234

v 81.8691 125.104 59.3449
f 1637/850/234 1613/852/234 1638/853/234

f 1613/852/234 1612/854/234 1638/853/234

f 1612/854/234 1611/855/234 1638/853/234

v 81.0771 126.136 59.3449
f 1639/856/234 1638/853/234 1611/855/234

v 81.0771 126.136 -437.227
v 81.8691 125.104 -437.227
f 1638/857/238 1639/858/239 1640/859/239 1641/860/238 

v 80.5793 127.338 59.3449
v 80.5793 127.338 -437.227
f 1639/858/239 1642/861/240 1643/862/240 1640/859/239 

v 81.0771 131.119 59.3449
f 1639/856/234 1644/863/234 1642/864/234

v 81.8691 132.152 59.3449
f 1645/865/234 1644/863/234 1639/856/234

v 81.8691 132.152 -437.227
v 81.0771 131.119 -437.227
f 1644/866/241 1645/867/242 1646/868/242 1647/869/241 

v 82.9012 132.944 59.3449
v 82.9012 132.944 -437.227
f 1645/870/242 1648/871/243 1649/872/243 1646/873/242 

f 1648/874/234 1645/865/234 1609/875/234

f 1609/875/234 1645/865/234 1610/876/234

f 1610/876/234 1645/865/234 1611/855/234

f 1611/855/234 1645/865/234 1639/856/234

f 1608/877/234 1648/874/234 1609/875/234

f 1607/878/234 1648/874/234 1608/877/234

v 84.1031 133.441 59.3449
f 1650/879/234 1648/874/234 1607/878/234

v 84.1031 133.441 -437.227
f 1648/871/243 1650/880/244 1651/881/244 1649/872/243 

v 85.3929 133.611 59.3449
v 85.3929 133.611 -437.227
f 1650/882/244 1652/883/245 1653/884/245 1651/885/244 

f 1652/886/234 1650/879/234 1606/887/234

f 1606/887/234 1650/879/234 1607/878/234

f 1605/888/234 1652/886/234 1606/887/234

v 86.6828 133.441 59.3449
f 1654/889/234 1652/886/234 1605/888/234

v 86.6828 133.441 -437.227
f 1652/890/245 1654/889/246 1655/891/246 1653/892/245 

v 87.8847 132.944 59.3449
v 87.8847 132.944 -437.227
f 1654/889/246 1656/893/247 1657/894/247 1655/891/246 

f 1656/893/234 1654/889/234 1603/895/234

f 1603/895/234 1654/889/234 1604/896/234

f 1604/896/234 1654/889/234 1605/888/234

f 1602/823/234 1656/893/234 1603/895/234

f 1625/822/234 1656/893/234 1602/823/234

f 1656/897/247 1625/826/235 1628/829/235 1657/898/247 

v 90.3764 128.628 -437.227
v 90.2066 127.338 -437.227
v 89.7088 126.136 -437.227
v 88.9168 125.104 -437.227
v 87.8847 124.312 -437.227
v 86.6828 123.814 -437.227
v 85.3929 123.644 -437.227
v 84.1031 123.814 -437.227
v 82.9012 124.312 -437.227
v 80.4095 128.628 -437.227
v 80.5793 129.918 -437.227
f 1657/894/248 1628/899/248 1627/900/248 1630/901/248 1658/902/248 1659/903/248 1660/904/248 1661/905/248 1662/906/248 1663/907/248 1664/908/248 1665/909/248 1666/910/248 1641/911/248 1640/912/248 1643/913/248 1667/914/248 1668/915/248 1647/916/248 1646/917/248 1649/918/248 1651/919/248 1653/920/248 1655/891/248 

v 90.3764 128.628 59.3449
f 1629/831/237 1669/921/249 1658/922/249 1630/832/237 

v 90.2066 127.338 59.3449
f 1669/923/234 1629/834/234 1670/924/234

f 1670/924/234 1629/834/234 1631/835/234

f 1670/925/250 1631/926/251 1660/927/251 1659/928/250 

f 1631/926/251 1632/929/252 1661/930/252 1660/927/251 

f 1632/931/252 1633/932/253 1662/933/253 1661/934/252 

f 1633/932/253 1634/935/254 1663/936/254 1662/933/253 

f 1634/937/254 1635/938/255 1664/939/255 1663/940/254 

f 1635/938/255 1636/941/256 1665/942/256 1664/939/255 

f 1636/943/256 1637/944/257 1666/945/257 1665/946/256 

f 1637/944/257 1638/947/238 1641/948/238 1666/945/257 

f 1669/921/249 1670/949/250 1659/950/250 1658/922/249 

v 80.4095 128.628 59.3449
f 1642/951/240 1671/952/28 1667/953/28 1643/954/240 

v 80.5793 129.918 59.3449
f 1671/955/234 1642/864/234 1672/956/234

f 1644/863/234 1672/956/234 1642/864/234

f 1672/957/258 1644/866/241 1647/869/241 1668/958/258 

f 1671/959/28 1672/957/258 1668/958/258 1667/960/28 

g Mesh22 Component_5_13 Coffe_Table Model

v 407.36 130.533 59.3449
v 406.754 131.322 59.3449
v 405.965 131.928 59.3449
v 405.046 132.309 59.3449
v 404.06 132.438 59.3449
v 403.073 132.309 59.3449
v 402.154 131.928 59.3449
v 401.365 131.322 59.3449
v 400.759 130.533 59.3449
v 400.379 129.614 59.3449
v 400.249 128.628 59.3449
v 400.379 127.641 59.3449
v 400.759 126.722 59.3449
v 401.365 125.933 59.3449
v 402.154 125.327 59.3449
v 403.073 124.947 59.3449
v 404.06 124.817 59.3449
v 405.046 124.947 59.3449
v 405.965 125.327 59.3449
v 406.754 125.933 59.3449
v 407.36 126.722 59.3449
v 407.741 127.641 59.3449
v 407.87 128.628 59.3449
v 407.741 129.614 59.3449
f 1673/797/234 1674/798/234 1675/799/234 1676/800/234 1677/801/234 1678/802/234 1679/803/234 1680/804/234 1681/805/234 1682/806/234 1683/807/234 1684/808/234 1685/809/234 1686/810/234 1687/811/234 1688/812/234 1689/813/234 1690/814/234 1691/815/234 1692/816/234 1693/817/234 1694/818/234 1695/819/234 1696/820/234 

v 407.583 132.152 59.3449
f 1673/821/234 1697/822/234 1674/823/234

f 1696/824/234 1697/822/234 1673/821/234

v 408.375 131.119 59.3449
f 1698/825/234 1697/822/234 1696/824/234

v 408.375 131.119 -437.227
v 407.583 132.152 -437.227
f 1697/826/235 1698/827/236 1699/828/236 1700/829/235 

v 408.873 129.918 59.3449
v 408.873 129.918 -437.227
f 1698/830/236 1701/831/237 1702/832/237 1699/833/236 

v 408.375 126.136 59.3449
f 1701/834/234 1698/825/234 1703/835/234

f 1698/825/234 1695/836/234 1703/835/234

f 1695/836/234 1698/825/234 1696/824/234

f 1695/836/234 1694/837/234 1703/835/234

v 407.583 125.104 59.3449
f 1703/835/234 1694/837/234 1704/838/234

f 1694/837/234 1693/839/234 1704/838/234

f 1693/839/234 1692/840/234 1704/838/234

v 406.551 124.312 59.3449
f 1704/838/234 1692/840/234 1705/841/234

f 1692/840/234 1691/842/234 1705/841/234

v 405.349 123.814 59.3449
f 1705/841/234 1691/842/234 1706/843/234

f 1691/842/234 1690/844/234 1706/843/234

v 404.06 123.644 59.3449
f 1706/843/234 1690/844/234 1707/845/234

f 1690/844/234 1689/846/234 1707/845/234

f 1689/846/234 1688/847/234 1707/845/234

v 402.77 123.814 59.3449
f 1707/845/234 1688/847/234 1708/848/234

f 1688/847/234 1687/849/234 1708/848/234

v 401.568 124.312 59.3449
f 1708/848/234 1687/849/234 1709/850/234

f 1687/849/234 1686/851/234 1709/850/234

f 1686/851/234 1685/852/234 1709/850/234

v 400.536 125.104 59.3449
f 1709/850/234 1685/852/234 1710/853/234

f 1685/852/234 1684/854/234 1710/853/234

f 1684/854/234 1683/855/234 1710/853/234

v 399.744 126.136 59.3449
f 1711/856/234 1710/853/234 1683/855/234

v 399.744 126.136 -437.227
v 400.536 125.104 -437.227
f 1710/857/238 1711/858/239 1712/859/239 1713/860/238 

v 399.246 127.338 59.3449
v 399.246 127.338 -437.227
f 1711/858/239 1714/861/240 1715/862/240 1712/859/239 

v 399.744 131.119 59.3449
f 1711/856/234 1716/863/234 1714/864/234

v 400.536 132.152 59.3449
f 1717/865/234 1716/863/234 1711/856/234

v 400.536 132.152 -437.227
v 399.744 131.119 -437.227
f 1716/866/241 1717/867/242 1718/868/242 1719/869/241 

v 401.568 132.944 59.3449
v 401.568 132.944 -437.227
f 1717/870/242 1720/871/243 1721/872/243 1718/873/242 

f 1720/874/234 1717/865/234 1681/875/234

f 1681/875/234 1717/865/234 1682/876/234

f 1682/876/234 1717/865/234 1683/855/234

f 1683/855/234 1717/865/234 1711/856/234

f 1680/877/234 1720/874/234 1681/875/234

f 1679/878/234 1720/874/234 1680/877/234

v 402.77 133.441 59.3449
f 1722/879/234 1720/874/234 1679/878/234

v 402.77 133.441 -437.227
f 1720/871/243 1722/880/244 1723/881/244 1721/872/243 

v 404.06 133.611 59.3449
v 404.06 133.611 -437.227
f 1722/882/244 1724/883/245 1725/884/245 1723/885/244 

f 1724/886/234 1722/879/234 1678/887/234

f 1678/887/234 1722/879/234 1679/878/234

f 1677/888/234 1724/886/234 1678/887/234

v 405.349 133.441 59.3449
f 1726/889/234 1724/886/234 1677/888/234

v 405.349 133.441 -437.227
f 1724/890/245 1726/889/246 1727/891/246 1725/892/245 

v 406.551 132.944 59.3449
v 406.551 132.944 -437.227
f 1726/889/246 1728/893/247 1729/894/247 1727/891/246 

f 1728/893/234 1726/889/234 1675/895/234

f 1675/895/234 1726/889/234 1676/896/234

f 1676/896/234 1726/889/234 1677/888/234

f 1674/823/234 1728/893/234 1675/895/234

f 1697/822/234 1728/893/234 1674/823/234

f 1728/897/247 1697/826/235 1700/829/235 1729/898/247 

v 409.043 128.628 -437.227
v 408.873 127.338 -437.227
v 408.375 126.136 -437.227
v 407.583 125.104 -437.227
v 406.551 124.312 -437.227
v 405.349 123.814 -437.227
v 404.06 123.644 -437.227
v 402.77 123.814 -437.227
v 401.568 124.312 -437.227
v 399.076 128.628 -437.227
v 399.246 129.918 -437.227
f 1729/894/248 1700/899/248 1699/900/248 1702/901/248 1730/902/248 1731/903/248 1732/904/248 1733/905/248 1734/906/248 1735/907/248 1736/908/248 1737/909/248 1738/910/248 1713/911/248 1712/912/248 1715/913/248 1739/914/248 1740/915/248 1719/916/248 1718/917/248 1721/918/248 1723/919/248 1725/920/248 1727/891/248 

v 409.043 128.628 59.3449
f 1701/831/237 1741/921/249 1730/922/249 1702/832/237 

v 408.873 127.338 59.3449
f 1741/923/234 1701/834/234 1742/924/234

f 1742/924/234 1701/834/234 1703/835/234

f 1742/925/250 1703/926/251 1732/927/251 1731/928/250 

f 1703/926/251 1704/929/252 1733/930/252 1732/927/251 

f 1704/931/252 1705/932/253 1734/933/253 1733/934/252 

f 1705/932/253 1706/935/254 1735/936/254 1734/933/253 

f 1706/937/254 1707/938/255 1736/939/255 1735/940/254 

f 1707/938/255 1708/941/256 1737/942/256 1736/939/255 

f 1708/943/256 1709/944/257 1738/945/257 1737/946/256 

f 1709/944/257 1710/947/238 1713/948/238 1738/945/257 

f 1741/921/249 1742/949/250 1731/950/250 1730/922/249 

v 399.076 128.628 59.3449
f 1714/951/240 1743/952/28 1739/953/28 1715/954/240 

v 399.246 129.918 59.3449
f 1743/955/234 1714/864/234 1744/956/234

f 1716/863/234 1744/956/234 1714/864/234

f 1744/957/258 1716/866/241 1719/869/241 1740/958/258 

f 1743/959/28 1744/957/258 1740/958/258 1739/960/28 

g Mesh23 Component_3_3 Coffe_Table Model

v -281.468 340 -443.033
v -297.468 340 -443.033
v -297.468 340 62.938
v -281.468 340 62.938
f 1745/1143/2 1746/1144/2 1747/1145/2 1748/1146/2 

v -281.468 290 -443.033
v -297.468 290 -443.033
f 1749/1147/382 1750/1148/382 1746/1149/382 1745/1150/382 

v -281.468 290 62.938
v -297.468 290 62.938
f 1750/1151/134 1749/1152/134 1751/1153/134 1752/1154/134 

f 1751/1155/383 1749/1156/383 1745/1157/383 1748/1158/383 

f 1752/1159/384 1751/1160/384 1748/1161/384 1747/1162/384 

f 1750/1163/385 1752/1164/385 1747/1165/385 1746/1166/385 

